NO,시군구,번지,본번,부번,단지명,전용면적(㎡),계약년월,계약일,거래금액(만원),동,층,매수자,매도자,건축년도,도로명,해제사유발생일,거래유형,중개사소재지,등기일자
1,서울특별시 종로구 창신동,232,232,0,두산,84.9,202505,6,"106,000",102,4,개인,개인,1999,지봉로5길 7,,중개거래,서울 종로구,25.06.11
2,서울특별시 종로구 평동,233,233,0,경희궁자이(3단지),84.8359,202505,6,"235,000",301,12,개인,개인,2017,경교장길 35,,중개거래,서울 종로구,25.07.30
3,서울특별시 종로구 무악동,82,82,0,현대,60.0,202505,3,"91,490",101,10,개인,개인,2000,통일로 246-20,,중개거래,서울 서대문구,25.07.25
4,서울특별시 종로구 교북동,126,126,0,경희궁자이(4단지),45.879,202505,3,"115,000",401,10,개인,개인,2017,송월길 155,,중개거래,서울 종로구,25.05.27
5,서울특별시 종로구 무악동,89,89,0,경희궁롯데캐슬,59.6737,202505,3,"140,000",101동,9,개인,개인,2019,통일로 230,,중개거래,서울 종로구,25.07.10
6,서울특별시 종로구 당주동,145,145,0,롯데미도파광화문빌딩,93.36,202505,3,"87,000",,7,개인,개인,1981,세종대로23길 47,,중개거래,서울 종로구,25.10.14
7,서울특별시 종로구 창신동,703,703,0,창신쌍용2,64.66,202505,2,"60,000",202,5,개인,개인,1993,낙산길 198,,중개거래,서울 종로구,25.07.10
8,서울특별시 종로구 내수동,72,72,0,경희궁의아침3단지,150.48,202505,2,"230,000",경희궁의 아침 3단지,8,개인,개인,2004,사직로8길 34,,중개거래,서울 종로구,25.07.18
9,서울특별시 종로구 효제동,65-2,65,2,포레스트힐시티,18.7352,202504,30,"18,100",포레스트힐시티,11,개인,개인,2017,대학로 33,,중개거래,서울 종로구,25.05.08
10,서울특별시 종로구 평창동,66-1,66,1,엘리시아,200.19,202504,30,"100,000",엘리시아,3,개인,법인,2009,평창문화로 142,,직거래,,25.05.14
11,서울특별시 종로구 무악동,60,60,0,인왕산아이파크,84.858,202504,29,"133,000",103,10,개인,개인,2008,통일로18길 9,,중개거래,서울 종로구,25.07.25
12,서울특별시 종로구 무악동,60,60,0,인왕산아이파크,84.858,202504,26,"124,000",115,1,개인,개인,2008,통일로18길 9,,중개거래,서울 종로구,25.08.11
13,서울특별시 종로구 숭인동,2-1,2,1,종로센트레빌,59.92,202504,26,"87,400",105,11,개인,개인,2008,동망산길 47,,중개거래,서울 종로구,25.06.19
14,서울특별시 종로구 평동,233,233,0,경희궁자이(3단지),84.8359,202504,26,"219,000",302,4,개인,개인,2017,경교장길 35,,중개거래,서울 종로구,25.10.01
15,서울특별시 종로구 창신동,703,703,0,창신쌍용2,106.62,202504,26,"82,500",205,6,개인,개인,1993,낙산길 198,,중개거래,서울 종로구,25.09.15
16,서울특별시 종로구 사직동,9,9,0,광화문스페이스본(101동~105동),136.4,202504,26,"203,500",101,6,개인,개인,2008,사직로8길 4,,중개거래,서울 종로구,25.06.20
17,서울특별시 종로구 익선동,55,55,0,현대뜨레비앙,48.54,202504,25,"44,000",현대뜨레비앙,3,개인,개인,2003,돈화문로11가길 59,,중개거래,서울 종로구,25.06.24
18,서울특별시 종로구 창신동,703,703,0,창신쌍용2,115.53,202504,25,"79,000",206,4,개인,법인,1993,낙산길 198,,중개거래,전남광주 광산구,25.05.27
19,서울특별시 종로구 창신동,328-17,328,17,동대문,28.8,202504,24,"31,700",,6,개인,개인,1966,지봉로 25,,중개거래,서울 종로구,25.05.09
20,서울특별시 종로구 숭인동,2-1,2,1,종로센트레빌,59.92,202504,23,"85,600",106,5,개인,개인,2008,동망산길 47,,중개거래,서울 종로구,25.07.31
21,서울특별시 종로구 무악동,82,82,0,현대,84.92,202504,22,"117,900",102,5,개인,개인,2000,통일로 246-20,,중개거래,서울 종로구,25.06.13
22,서울특별시 종로구 창신동,702,702,0,창신쌍용1,54.7,202504,21,"64,000",101,9,개인,개인,1992,동망산길 19,,중개거래,서울 종로구,25.07.01
23,서울특별시 종로구 창신동,703,703,0,창신쌍용2,54.7,202504,20,"59,000",201,2,개인,개인,1993,낙산길 198,,중개거래,서울 종로구,25.07.21
24,서울특별시 종로구 창신동,703,703,0,창신쌍용2,54.7,202504,20,"60,500",201,7,개인,개인,1993,낙산길 198,,중개거래,서울 종로구,25.07.30
25,서울특별시 종로구 행촌동,41-1,41,1,대성아파트,19.27,202504,19,"18,000",나동,2,개인,개인,1971,사직로 21,,중개거래,서울 마포구,25.04.22
26,서울특별시 종로구 무악동,82,82,0,현대,60.0,202504,18,"89,990",101,11,개인,개인,2000,통일로 246-20,,중개거래,서울 서대문구,25.07.21
27,서울특별시 종로구 평창동,596,596,0,삼성,59.97,202504,18,"69,000",101,14,개인,개인,1998,평창문화로 172,,중개거래,서울 종로구,25.07.03
28,서울특별시 종로구 교북동,126,126,0,경희궁자이(4단지),33.982,202504,17,"80,000",403,5,개인,개인,2017,송월길 155,,중개거래,서울 종로구,25.05.20
29,서울특별시 종로구 숭인동,76,76,0,롯데캐슬천지인,84.95,202504,16,"98,000",롯데캐슬 천지인(천),30,개인,법인,2004,종로 347,,중개거래,서울 종로구,25.09.10
30,서울특별시 종로구 숭인동,76,76,0,롯데캐슬천지인,84.95,202504,16,"98,000",,30,개인,법인,2004,종로 347,20250808.0,중개거래,서울 종로구,
31,서울특별시 종로구 신영동,254,254,0,대아파크빌,84.84,202504,14,"65,500",,11,개인,개인,1998,진흥로 480,20250516.0,중개거래,서울 종로구,
32,서울특별시 종로구 신영동,254,254,0,대아파크빌,84.84,202504,14,"65,500",대아파크빌,11,개인,개인,1998,진흥로 480,,중개거래,서울 종로구,25.05.16
33,서울특별시 종로구 숭인동,202-3,202,3,종로중흥S클래스,19.466,202504,14,"12,500",,12,개인,개인,2013,종로66길 28,,중개거래,서울 종로구,25.08.22
34,서울특별시 종로구 홍파동,199,199,0,경희궁자이(2단지),84.8359,202504,12,"245,000",213,13,개인,개인,2017,송월길 99,,중개거래,서울 종로구,25.09.08
35,서울특별시 종로구 사직동,9,9,0,광화문스페이스본(101동~105동),158.99,202504,12,"225,000",104,9,개인,개인,2008,사직로8길 4,,중개거래,서울 종로구,26.02.27
36,서울특별시 종로구 평동,233,233,0,경희궁자이(3단지),59.7547,202504,12,"180,000",306,3,개인,개인,2017,경교장길 35,,중개거래,서울 종로구,25.05.22
37,서울특별시 종로구 명륜2가,4,4,0,아남1,84.9,202504,11,"112,200",제101,8,개인,개인,1995,창경궁로 265,,중개거래,서울 종로구,25.06.30
38,서울특별시 종로구 창신동,703,703,0,창신쌍용2,64.66,202504,10,"62,000",202,9,개인,개인,1993,낙산길 198,,중개거래,서울 종로구,25.05.16
39,서울특별시 종로구 명륜2가,237,237,0,명륜동주상복합아남아파트,44.37,202504,9,"70,000",301,8,개인,개인,1999,혜화로3길 5,,중개거래,서울 종로구,25.05.23
40,서울특별시 종로구 숭인동,201-11,201,11,종로유케이201,12.09,202504,9,"8,800",1,11,개인,개인,2013,난계로29길 33-4,,중개거래,서울 종로구,25.04.22
41,서울특별시 종로구 구기동,125-5,125,5,마운틴뷰,73.39,202504,8,"54,500",,2,개인,법인,2019,비봉길 7,,중개거래,서울 종로구,25.07.18
42,서울특별시 종로구 무악동,60,60,0,인왕산아이파크,59.993,202504,6,"101,000",116,2,개인,개인,2008,통일로18길 9,,중개거래,서울 종로구,25.05.26
43,서울특별시 종로구 평동,233,233,0,경희궁자이(3단지),59.8547,202504,6,"185,000",304,9,개인,개인,2017,경교장길 35,,중개거래,서울 종로구,25.07.04
44,서울특별시 종로구 창신동,601-1,601,1,MID그린(2동),54.72,202504,5,"45,000",102,7,개인,개인,2002,창신길 140-19,,중개거래,서울 종로구,25.07.10
45,서울특별시 종로구 무악동,60,60,0,인왕산아이파크,157.289,202504,5,"195,000",104,11,개인,개인,2008,통일로18길 9,,중개거래,"서울 노원구, 서울 종로구",25.06.02
46,서울특별시 종로구 숭인동,766,766,0,종로청계힐스테이트,84.9478,202504,4,"104,000",105,3,개인,개인,2009,숭인동길 21,,중개거래,서울 종로구,25.06.19
47,서울특별시 종로구 교북동,126,126,0,경희궁자이(4단지),37.2635,202504,3,"86,000",401,8,개인,개인,2017,송월길 155,,중개거래,서울 종로구,25.05.30
48,서울특별시 종로구 익선동,30-6,30,6,운현신화타워,84.91,202504,3,"83,000",운현신화타워,13,개인,개인,1998,삼일대로32길 36,,중개거래,서울 종로구,25.07.04
49,서울특별시 종로구 명륜2가,4,4,0,아남1,84.9,202504,2,"109,500",제101,20,개인,개인,1995,창경궁로 265,,중개거래,서울 종로구,25.05.16
50,서울특별시 종로구 무악동,82,82,0,현대,60.0,202504,1,"104,490",112,10,개인,개인,2000,통일로 246-9,,중개거래,"대구 남구, 서울 종로구",25.07.01
51,서울특별시 종로구 내수동,73,73,0,경희궁의아침4단지,124.17,202504,1,"191,000",경희궁의 아침 4단지,10,개인,개인,2004,새문안로3길 23,,중개거래,서울 종로구,25.05.14
52,서울특별시 종로구 숭인동,296-19,296,19,삼전솔하임2차,16.67,202503,31,"11,200",1,9,개인,개인,2012,종로58가길 27,,중개거래,서울 종로구,25.03.31
53,서울특별시 종로구 창신동,703,703,0,창신쌍용2,106.62,202503,31,"80,000",205,3,개인,개인,1993,낙산길 198,,중개거래,서울 종로구,25.06.30
54,서울특별시 종로구 평동,233,233,0,경희궁자이(3단지),59.8547,202503,31,"192,500",305,12,개인,개인,2017,경교장길 35,,중개거래,"서울 서대문구, 서울 종로구",25.05.20
55,서울특별시 종로구 홍파동,199,199,0,경희궁자이(2단지),84.614,202503,31,"248,500",208,6,개인,개인,2017,송월길 99,,중개거래,서울 종로구,25.08.05
56,서울특별시 종로구 창신동,703,703,0,창신쌍용2,106.62,202503,30,"83,000",,9,개인,개인,1993,낙산길 198,20250415.0,중개거래,서울 종로구,
57,서울특별시 종로구 창신동,703,703,0,창신쌍용2,106.62,202503,30,"83,000",205,9,개인,개인,1993,낙산길 198,,중개거래,서울 서대문구,25.06.04
58,서울특별시 종로구 명륜2가,4,4,0,아남1,84.9,202503,30,"120,500",제103,12,개인,개인,1995,창경궁로 265,,중개거래,서울 종로구,25.09.29
59,서울특별시 종로구 홍파동,199,199,0,경희궁자이(2단지),84.9339,202503,29,"230,000",,5,개인,개인,2017,송월길 99,20250329.0,중개거래,서울 종로구,
60,서울특별시 종로구 홍파동,199,199,0,경희궁자이(2단지),84.9339,202503,29,"230,000",204,5,개인,개인,2017,송월길 99,,중개거래,서울 종로구,25.08.11
61,서울특별시 종로구 명륜2가,237,237,0,명륜동주상복합아남아파트,50.49,202503,29,"65,700",301,2,개인,개인,1999,혜화로3길 5,,중개거래,서울 종로구,25.07.31
62,서울특별시 종로구 평창동,72,72,0,롯데낙천대,84.21,202503,29,"87,000",102,5,개인,개인,2001,평창문화로 140,,중개거래,서울 종로구,25.04.03
63,서울특별시 종로구 평동,233,233,0,경희궁자이(3단지),84.8359,202503,28,"215,000",305,3,개인,개인,2017,경교장길 35,,직거래,,25.12.03
64,서울특별시 종로구 명륜2가,4,4,0,아남1,84.8,202503,28,"106,000",,15,개인,개인,1995,창경궁로 265,20250519.0,중개거래,서울 종로구,
65,서울특별시 종로구 명륜2가,4,4,0,아남1,84.8,202503,28,"106,000",제102,15,개인,개인,1995,창경궁로 265,,중개거래,서울 종로구,25.05.23
66,서울특별시 종로구 행촌동,41-1,41,1,대성아파트,19.27,202503,26,"18,000",나동,1,개인,개인,1971,사직로 21,,중개거래,서울 마포구,25.04.09
67,서울특별시 종로구 구기동,125-5,125,5,마운틴뷰,62.75,202503,26,"50,000",,6,개인,법인,2019,비봉길 7,,중개거래,서울 종로구,25.06.09
68,서울특별시 종로구 평동,233,233,0,경희궁자이(3단지),84.614,202503,26,"220,000",303,6,개인,개인,2017,경교장길 35,,중개거래,서울 종로구,25.08.22
69,서울특별시 종로구 내수동,73,73,0,경희궁의아침4단지,124.17,202503,25,"230,000",경희궁의 아침 4단지,12,개인,개인,2004,새문안로3길 23,,중개거래,서울 종로구,25.08.29
70,서울특별시 종로구 홍파동,199,199,0,경희궁자이(2단지),84.9071,202503,25,"235,700",201,16,개인,개인,2017,송월길 99,,중개거래,서울 종로구,25.05.23
71,서울특별시 종로구 필운동,174-1,174,1,두레엘리시안,59.85,202503,25,"89,000",,7,개인,개인,2007,필운대로2길 2,,중개거래,서울 종로구,25.06.30
72,서울특별시 종로구 창신동,703,703,0,창신쌍용2,64.66,202503,24,"60,300",203,4,개인,개인,1993,낙산길 198,,중개거래,서울 종로구,25.04.29
73,서울특별시 종로구 수송동,85,85,0,로얄팰리스스위트,29.31,202503,24,"33,000",로얄팰리스스위트,17,개인,개인,2005,율곡로2길 7,,중개거래,서울 종로구,25.07.01
74,서울특별시 종로구 교북동,126,126,0,경희궁자이(4단지),37.2635,202503,23,"91,000",401,17,개인,개인,2017,송월길 155,,중개거래,서울 종로구,25.04.25
75,서울특별시 종로구 무악동,60,60,0,인왕산아이파크,84.858,202503,23,"126,000",108,4,개인,개인,2008,통일로18길 9,,중개거래,서울 종로구,25.06.05
76,서울특별시 종로구 창신동,703,703,0,창신쌍용2,106.62,202503,23,"75,000",205,12,개인,개인,1993,낙산길 198,,중개거래,"서울 서초구, 서울 종로구",25.06.13
77,서울특별시 종로구 평동,233,233,0,경희궁자이(3단지),84.8359,202503,22,"220,000",,10,개인,개인,2017,경교장길 35,20250402.0,중개거래,서울 종로구,
78,서울특별시 종로구 숭인동,1421,1421,0,버넷하임1,17.93,202503,22,"12,000",1,15,개인,개인,2013,난계로29가길 16,,중개거래,서울 종로구,25.04.29
79,서울특별시 종로구 숭인동,76,76,0,롯데캐슬천지인,84.95,202503,22,"115,000",롯데캐슬 천지인(천),22,개인,개인,2004,종로 347,,중개거래,서울 종로구,25.07.15
80,서울특별시 종로구 무악동,82,82,0,현대,60.0,202503,22,"93,990",101,10,개인,개인,2000,통일로 246-20,,중개거래,"서울 서대문구, 서울 종로구",25.06.30
81,서울특별시 종로구 무악동,82,82,0,현대,60.0,202503,22,"97,100",103,11,개인,개인,2000,통일로 246-20,,중개거래,서울 종로구,25.05.15
82,서울특별시 종로구 무악동,82,82,0,현대,84.92,202503,22,"119,600",108,2,개인,개인,2000,통일로 246-20,,중개거래,"서울 서대문구, 서울 종로구",25.08.04
83,서울특별시 종로구 평동,233,233,0,경희궁자이(3단지),84.8359,202503,22,"220,000",,10,개인,개인,2017,경교장길 35,20250329.0,중개거래,서울 종로구,
84,서울특별시 종로구 홍파동,199,199,0,경희궁자이(2단지),84.614,202503,22,"245,000",209,6,개인,개인,2017,송월길 99,,중개거래,서울 종로구,25.07.23
85,서울특별시 종로구 무악동,60,60,0,인왕산아이파크,84.858,202503,22,"126,000",101,1,개인,개인,2008,통일로18길 9,,중개거래,서울 종로구,25.05.09
86,서울특별시 종로구 평동,233,233,0,경희궁자이(3단지),84.8359,202503,22,"220,000",302,10,개인,개인,2017,경교장길 35,,중개거래,서울 종로구,25.05.30
87,서울특별시 종로구 무악동,60,60,0,인왕산아이파크,84.858,202503,21,"135,000",102,16,개인,개인,2008,통일로18길 9,,중개거래,서울 종로구,25.07.18
88,서울특별시 종로구 평동,233,233,0,경희궁자이(3단지),84.614,202503,21,"220,000",,9,개인,개인,2017,경교장길 35,20250412.0,중개거래,서울 종로구,
89,서울특별시 종로구 평동,233,233,0,경희궁자이(3단지),84.614,202503,21,"220,000",303,9,개인,개인,2017,경교장길 35,,중개거래,서울 종로구,25.11.26
90,서울특별시 종로구 평동,233,233,0,경희궁자이(3단지),84.8359,202503,21,"229,000",301,15,개인,개인,2017,경교장길 35,,중개거래,서울 종로구,25.05.28
91,서울특별시 종로구 무악동,82,82,0,현대,84.92,202503,21,"111,990",102,4,개인,개인,2000,통일로 246-20,,중개거래,"서울 서대문구, 서울 종로구",25.07.31
92,서울특별시 종로구 홍파동,199,199,0,경희궁자이(2단지),84.8359,202503,21,"254,000",212,11,개인,개인,2017,송월길 99,,중개거래,"서울 서초구, 서울 종로구",25.08.29
93,서울특별시 종로구 홍파동,199,199,0,경희궁자이(2단지),84.614,202503,21,"240,000",208,8,개인,개인,2017,송월길 99,,중개거래,"서울 강남구, 서울 종로구",25.08.05
94,서울특별시 종로구 평동,233,233,0,경희궁자이(3단지),84.8359,202503,21,"229,000",,15,개인,개인,2017,경교장길 35,20250408.0,중개거래,서울 종로구,
95,서울특별시 종로구 평동,233,233,0,경희궁자이(3단지),84.8359,202503,19,"220,000",305,11,개인,개인,2017,경교장길 35,,중개거래,서울 종로구,25.05.01
96,서울특별시 종로구 숭인동,204-11,204,11,숭인상가,77.75,202503,19,"58,000",,5,개인,개인,1979,청계천로 391,,중개거래,서울 중구,
97,서울특별시 종로구 평동,233,233,0,경희궁자이(3단지),84.8359,202503,19,"220,000",303,8,개인,개인,2017,경교장길 35,,중개거래,서울 종로구,25.07.02
98,서울특별시 종로구 사직동,9,9,0,광화문스페이스본(101동~105동),136.4,202503,18,"199,000",101,4,개인,개인,2008,사직로8길 4,,중개거래,"서울 양천구, 서울 종로구",25.06.17
99,서울특별시 종로구 인의동,48-2,48,2,효성쥬얼리시티,98.39,202503,17,"100,000",,9,개인,개인,2006,종로 183,,중개거래,서울 종로구,25.07.11
100,서울특별시 종로구 내수동,73,73,0,경희궁의아침4단지,124.17,202503,17,"215,000",경희궁의 아침 4단지,11,개인,개인,2004,새문안로3길 23,,중개거래,서울 종로구,25.06.04
101,서울특별시 종로구 창신동,602-1,602,1,MID그린(8동),59.94,202503,17,"40,000",108,3,개인,법인,2002,창신길 140-8,,중개거래,서울 종로구,25.03.31
102,서울특별시 종로구 창신동,702,702,0,창신쌍용1,79.87,202503,17,"76,000",104,7,개인,개인,1992,동망산길 19,,중개거래,서울 종로구,25.05.16
103,서울특별시 종로구 숭인동,202-3,202,3,종로중흥S클래스,19.466,202503,17,"12,300",,11,개인,개인,2013,종로66길 28,,중개거래,서울 종로구,25.03.31
104,서울특별시 종로구 무악동,89,89,0,경희궁롯데캐슬,59.6737,202503,17,"140,000",102동,13,개인,개인,2019,통일로 230,,중개거래,"서울 서대문구, 서울 종로구",25.04.30
105,서울특별시 종로구 연지동,163-3,163,3,아르젠종로,18.02,202503,17,"17,000",,12,개인,개인,2015,종로31길 54,,직거래,,25.03.21
106,서울특별시 종로구 홍파동,199,199,0,경희궁자이(2단지),84.614,202503,15,"234,500",,9,개인,개인,2017,송월길 99,20250408.0,중개거래,서울 종로구,
107,서울특별시 종로구 무악동,60,60,0,인왕산아이파크,84.858,202503,15,"127,800",109,11,개인,개인,2008,통일로18길 9,,중개거래,"서울 서대문구, 서울 종로구",25.07.07
108,서울특별시 종로구 인의동,48-2,48,2,효성쥬얼리시티,92.81,202503,15,"98,000",,10,개인,개인,2006,종로 183,,중개거래,서울 종로구,25.05.02
109,서울특별시 종로구 홍파동,199,199,0,경희궁자이(2단지),84.614,202503,15,"234,500",208,9,개인,개인,2017,송월길 99,,중개거래,서울 종로구,25.07.21
110,서울특별시 종로구 무악동,88,88,0,인왕산2차아이파크,84.2395,202503,15,"110,000",203,11,개인,개인,2015,통일로18길 34,,중개거래,서울 종로구,25.06.05
111,서울특별시 종로구 무악동,60,60,0,인왕산아이파크,84.858,202503,15,"143,000",113,13,개인,개인,2008,통일로18길 9,,중개거래,서울 종로구,25.05.22
112,서울특별시 종로구 평동,233,233,0,경희궁자이(3단지),59.7547,202503,15,"173,000",307,6,개인,개인,2017,경교장길 35,,직거래,,25.08.28
113,서울특별시 종로구 당주동,100,100,0,세종,104.5,202503,14,"100,000",,9,개인,개인,1983,세종대로23길 54,,중개거래,서울 종로구,25.05.15
114,서울특별시 종로구 내수동,110-15,110,15,킹스매너,189.51,202503,14,"132,200",킹스매너,4,개인,개인,2004,경희궁2길 5-5,,중개거래,서울 서초구,25.04.18
115,서울특별시 종로구 효제동,65-2,65,2,포레스트힐시티,14.6825,202503,13,"21,400",포레스트힐시티,7,개인,개인,2017,대학로 33,,직거래,,25.03.17
116,서울특별시 종로구 숭인동,201-11,201,11,종로유케이201,12.08,202503,12,"8,600",1,10,개인,개인,2013,난계로29길 33-4,,중개거래,서울 종로구,25.04.02
117,서울특별시 종로구 숭인동,2-1,2,1,종로센트레빌,59.92,202503,10,"87,000",101,8,개인,개인,2008,동망산길 47,,중개거래,서울 종로구,25.05.23
118,서울특별시 종로구 창신동,703,703,0,창신쌍용2,115.53,202503,10,"82,500",206,8,개인,개인,1993,낙산길 198,,중개거래,서울 종로구,25.06.30
119,서울특별시 종로구 무악동,82,82,0,현대,114.9,202503,8,"144,000",106,15,개인,개인,2000,통일로 246-20,,중개거래,서울 종로구,25.05.28
120,서울특별시 종로구 교북동,126,126,0,경희궁자이(4단지),45.879,202503,8,"114,000",402,18,개인,개인,2017,송월길 155,,중개거래,서울 종로구,25.04.25
121,서울특별시 종로구 사직동,9,9,0,광화문스페이스본(101동~105동),146.92,202503,8,"205,000",104,6,개인,개인,2008,사직로8길 4,,중개거래,서울 종로구,25.05.27
122,서울특별시 종로구 홍파동,199,199,0,경희궁자이(2단지),84.614,202503,8,"239,500",209,18,개인,개인,2017,송월길 99,,중개거래,서울 종로구,25.06.20
123,서울특별시 종로구 홍파동,199,199,0,경희궁자이(2단지),84.8359,202503,8,"226,000",204,6,개인,개인,2017,송월길 99,,중개거래,"서울 서대문구, 서울 종로구",25.09.15
124,서울특별시 종로구 무악동,82,82,0,현대,60.0,202503,8,"99,980",112,5,개인,개인,2000,통일로 246-9,,중개거래,서울 종로구,25.06.04
125,서울특별시 종로구 창신동,702,702,0,창신쌍용1,79.87,202503,8,"74,000",105,6,개인,개인,1992,동망산길 19,,중개거래,서울 종로구,25.04.30
126,서울특별시 종로구 평동,233,233,0,경희궁자이(3단지),59.7547,202503,8,"175,000",307,7,개인,개인,2017,경교장길 35,,중개거래,서울 종로구,25.05.23
127,서울특별시 종로구 무악동,60,60,0,인왕산아이파크,84.858,202503,7,"135,000",113,6,개인,개인,2008,통일로18길 9,,중개거래,서울 종로구,25.06.05
128,서울특별시 종로구 익선동,55,55,0,현대뜨레비앙,46.64,202503,7,"42,000",현대뜨레비앙,3,개인,개인,2003,돈화문로11가길 59,,중개거래,서울 종로구,25.05.28
129,서울특별시 종로구 수송동,85,85,0,로얄팰리스스위트,42.87,202503,7,"45,000",로얄팰리스스위트,5,개인,개인,2005,율곡로2길 7,,중개거래,서울 종로구,25.04.21
130,서울특별시 종로구 교북동,126,126,0,경희궁자이(4단지),37.2635,202503,5,"87,000",402,13,개인,개인,2017,송월길 155,,중개거래,서울 종로구,25.04.16
131,서울특별시 종로구 평창동,145-5,145,5,일성빌라트,59.82,202503,5,"65,500",나,5,개인,개인,1996,평창문화로 119,,중개거래,서울 종로구,25.04.22
132,서울특별시 종로구 명륜2가,236,236,0,아남2,59.4,202503,5,"94,000",201,9,개인,개인,1996,혜화로3길 33,,중개거래,서울 종로구,25.04.28
133,서울특별시 종로구 창신동,232,232,0,두산,84.9,202503,3,"104,500",103,6,개인,개인,1999,지봉로5길 7,,중개거래,"서울 성북구, 서울 종로구",25.08.29
134,서울특별시 종로구 무악동,89,89,0,경희궁롯데캐슬,84.8792,202503,2,"166,800",103동,4,개인,개인,2019,통일로 230,,중개거래,"서울 은평구, 서울 중구",25.05.13
135,서울특별시 종로구 홍파동,199,199,0,경희궁자이(2단지),59.895,202503,2,"185,000",210,15,개인,개인,2017,송월길 99,,중개거래,서울 종로구,25.06.30
136,서울특별시 종로구 홍파동,199,199,0,경희궁자이(2단지),84.8359,202503,1,"219,000",205,16,개인,개인,2017,송월길 99,,중개거래,서울 종로구,25.05.22
137,서울특별시 종로구 평동,233,233,0,경희궁자이(3단지),59.8547,202503,1,"180,000",305,3,개인,개인,2017,경교장길 35,,중개거래,서울 종로구,25.08.28
138,서울특별시 종로구 홍파동,199,199,0,경희궁자이(2단지),84.8359,202503,1,"234,000",,16,개인,개인,2017,송월길 99,20250623.0,중개거래,서울 종로구,
139,서울특별시 종로구 무악동,60,60,0,인왕산아이파크,84.858,202503,1,"137,000",112,11,개인,개인,2008,통일로18길 9,,중개거래,서울 종로구,25.05.07
140,서울특별시 종로구 신영동,254,254,0,대아파크빌,59.22,202503,1,"48,500",대아파크빌,11,개인,개인,1998,진흥로 480,,중개거래,"서울 은평구, 서울 종로구",25.04.21
141,서울특별시 종로구 홍파동,199,199,0,경희궁자이(2단지),84.8359,202503,1,"234,000",201,16,개인,개인,2017,송월길 99,,중개거래,서울 종로구,25.07.31
142,서울특별시 종로구 숭인동,766,766,0,종로청계힐스테이트,59.9426,202502,28,"83,300",104,6,개인,개인,2009,숭인동길 21,,중개거래,서울 종로구,25.04.18
143,서울특별시 종로구 홍파동,199,199,0,경희궁자이(2단지),101.8976,202502,28,"273,000",212,7,개인,개인,2017,송월길 99,,중개거래,서울 종로구,25.05.12
144,서울특별시 종로구 평동,233,233,0,경희궁자이(3단지),84.8359,202502,28,"219,900",304,5,개인,개인,2017,경교장길 35,,중개거래,"서울 마포구, 서울 종로구",25.04.01
145,서울특별시 종로구 숭인동,766,766,0,종로청계힐스테이트,59.9426,202502,27,"81,500",102,13,개인,개인,2009,숭인동길 21,,중개거래,서울 종로구,25.07.01
146,서울특별시 종로구 무악동,60,60,0,인왕산아이파크,157.289,202502,27,"180,000",104,3,개인,개인,2008,통일로18길 9,,중개거래,서울 종로구,25.03.31
147,서울특별시 종로구 수송동,85,85,0,로얄팰리스스위트,39.67,202502,27,"41,500",로얄팰리스스위트,5,개인,개인,2005,율곡로2길 7,,중개거래,서울 종로구,25.03.18
148,서울특별시 종로구 창신동,702,702,0,창신쌍용1,79.87,202502,26,"72,000",105,10,개인,개인,1992,동망산길 19,,중개거래,서울 종로구,25.03.14
149,서울특별시 종로구 숭인동,296-19,296,19,삼전솔하임2차,16.67,202502,26,"10,000",1,7,개인,개인,2012,종로58가길 27,,중개거래,서울 종로구,25.03.14
150,서울특별시 종로구 무악동,82,82,0,현대,84.92,202502,26,"129,970",,11,개인,개인,2000,통일로 246-20,20250323.0,중개거래,서울 종로구,
151,서울특별시 종로구 무악동,82,82,0,현대,84.92,202502,26,"129,970",110,11,개인,개인,2000,통일로 246-20,,중개거래,서울 종로구,25.06.27
152,서울특별시 종로구 홍파동,199,199,0,경희궁자이(2단지),84.8359,202502,26,"227,500",203,15,개인,개인,2017,송월길 99,,중개거래,서울 종로구,25.05.09
153,서울특별시 종로구 숭인동,318-2,318,2,삼전솔하임4차,15.09,202502,26,"13,300",삼전솔하임4차,14,개인,개인,2014,지봉로4길 13,,중개거래,서울 종로구,25.07.25
154,서울특별시 종로구 홍파동,199,199,0,경희궁자이(2단지),84.8359,202502,25,"225,000",205,17,개인,개인,2017,송월길 99,,중개거래,서울 종로구,25.06.09
155,서울특별시 종로구 무악동,60,60,0,인왕산아이파크,84.858,202502,25,"135,000",103,17,개인,개인,2008,통일로18길 9,,중개거래,서울 종로구,25.06.30
156,서울특별시 종로구 신문로2가,171,171,0,디팰리스,118.749,202502,25,"300,000",,17,개인,개인,2020,새문안로2길 10,,중개거래,서울 종로구,25.05.26
157,서울특별시 종로구 평동,233,233,0,경희궁자이(3단지),84.614,202502,22,"216,000",302,16,개인,개인,2017,경교장길 35,,중개거래,서울 종로구,25.07.14
158,서울특별시 종로구 창신동,578-5,578,5,동대문맨션,74.38,202502,22,"34,000",,8,개인,개인,1973,창신길 20,,중개거래,서울 종로구,25.04.15
159,서울특별시 종로구 창신동,703,703,0,창신쌍용2,64.66,202502,22,"61,000",202,13,개인,개인,1993,낙산길 198,,중개거래,서울 종로구,25.05.16
160,서울특별시 종로구 인의동,48-2,48,2,효성쥬얼리시티,84.64,202502,22,"80,000",,12,개인,개인,2006,종로 183,,직거래,,25.05.13
161,서울특별시 종로구 홍파동,199,199,0,경희궁자이(2단지),84.8359,202502,22,"217,000",204,17,개인,개인,2017,송월길 99,,중개거래,서울 종로구,25.07.01
162,서울특별시 종로구 평동,233,233,0,경희궁자이(3단지),84.8359,202502,22,"225,000",303,13,개인,개인,2017,경교장길 35,,중개거래,서울 종로구,25.06.27
163,서울특별시 종로구 익선동,55,55,0,현대뜨레비앙,48.54,202502,21,"50,000",현대뜨레비앙,8,개인,개인,2003,돈화문로11가길 59,,중개거래,서울 종로구,25.03.28
164,서울특별시 종로구 사직동,9-1,9,1,광화문스페이스본(106동),150.4,202502,21,"209,500",106,4,개인,개인,2008,경희궁길 57,,중개거래,서울 종로구,25.05.16
165,서울특별시 종로구 익선동,55,55,0,현대뜨레비앙,48.54,202502,21,"44,500",현대뜨레비앙,7,개인,개인,2003,돈화문로11가길 59,,중개거래,서울 종로구,25.04.15
166,서울특별시 종로구 창신동,703,703,0,창신쌍용2,54.7,202502,21,"55,300",201,2,개인,개인,1993,낙산길 198,,중개거래,서울 동대문구,25.04.04
167,서울특별시 종로구 익선동,55,55,0,현대뜨레비앙,28.1,202502,21,"33,000",현대뜨레비앙,9,개인,개인,2003,돈화문로11가길 59,,중개거래,서울 종로구,25.04.14
168,서울특별시 종로구 무악동,89,89,0,경희궁롯데캐슬,59.6737,202502,20,"143,500",103동,9,개인,개인,2019,통일로 230,,중개거래,서울 종로구,25.05.07
169,서울특별시 종로구 무악동,60,60,0,인왕산아이파크,84.858,202502,19,"139,000",112,14,개인,개인,2008,통일로18길 9,,중개거래,"서울 서대문구, 서울 종로구",25.06.09
170,서울특별시 종로구 홍파동,199,199,0,경희궁자이(2단지),84.9071,202502,19,"219,000",201,6,개인,개인,2017,송월길 99,,중개거래,서울 종로구,25.05.07
171,서울특별시 종로구 홍파동,199,199,0,경희궁자이(2단지),84.9071,202502,19,"219,000",,6,개인,개인,2017,송월길 99,20250228.0,중개거래,서울 종로구,
172,서울특별시 종로구 평동,233,233,0,경희궁자이(3단지),59.8547,202502,18,"174,500",305,3,개인,개인,2017,경교장길 35,,중개거래,서울 종로구,25.05.21
173,서울특별시 종로구 평동,233,233,0,경희궁자이(3단지),84.8359,202502,18,"215,000",305,6,개인,개인,2017,경교장길 35,,중개거래,서울 종로구,25.06.27
174,서울특별시 종로구 평동,233,233,0,경희궁자이(3단지),59.4712,202502,17,"178,000",,5,개인,개인,2017,경교장길 35,20250623.0,중개거래,서울 종로구,
175,서울특별시 종로구 평동,233,233,0,경희궁자이(3단지),59.4712,202502,17,"178,000",307,5,개인,개인,2017,경교장길 35,,중개거래,서울 종로구,25.09.19
176,서울특별시 종로구 창신동,328-17,328,17,동대문,28.8,202502,17,"31,000",,2,개인,개인,1966,지봉로 25,,중개거래,서울 종로구,25.04.21
177,서울특별시 종로구 충신동,62-2,62,2,CS타워,21.94,202502,16,"17,400",CS타워,15,개인,개인,2011,율곡로20길 24,,중개거래,서울 종로구,25.02.24
178,서울특별시 종로구 무악동,89,89,0,경희궁롯데캐슬,59.6737,202502,15,"135,500",101동,3,개인,개인,2019,통일로 230,,중개거래,서울 종로구,25.04.25
179,서울특별시 종로구 무악동,60,60,0,인왕산아이파크,84.858,202502,15,"133,500",103,12,개인,개인,2008,통일로18길 9,,중개거래,서울 종로구,25.05.19
180,서울특별시 종로구 무악동,89,89,0,경희궁롯데캐슬,59.6737,202502,15,"135,500",,3,개인,개인,2019,통일로 230,20250220.0,중개거래,서울 종로구,
181,서울특별시 종로구 평동,233,233,0,경희궁자이(3단지),77.6543,202502,14,"194,000",303,14,개인,개인,2017,경교장길 35,,중개거래,서울 종로구,25.03.14
182,서울특별시 종로구 평동,233,233,0,경희궁자이(3단지),77.6543,202502,14,"194,000",,14,개인,개인,2017,경교장길 35,20250226.0,중개거래,서울 종로구,
183,서울특별시 종로구 평동,233,233,0,경희궁자이(3단지),77.6543,202502,14,"194,000",,14,개인,개인,2017,경교장길 35,20250217.0,중개거래,서울 종로구,
184,서울특별시 종로구 효제동,126-2,126,2,이지마루종로,20.87,202502,11,"30,000",102동,11,개인,개인,2021,김상옥로 55,,중개거래,서울 종로구,25.04.04
185,서울특별시 종로구 무악동,60,60,0,인왕산아이파크,114.931,202502,10,"145,000",105,3,개인,개인,2008,통일로18길 9,,중개거래,서울 종로구,25.06.05
186,서울특별시 종로구 홍파동,199,199,0,경희궁자이(2단지),84.9443,202502,9,"231,000",209,16,개인,개인,2017,송월길 99,,중개거래,서울 종로구,25.06.30
187,서울특별시 종로구 무악동,82,82,0,현대,60.0,202502,8,"100,140",112,11,개인,개인,2000,통일로 246-9,,중개거래,서울 종로구,25.06.20
188,서울특별시 종로구 명륜2가,237,237,0,명륜동주상복합아남아파트,47.43,202502,8,"65,000",301,6,개인,개인,1999,혜화로3길 5,,중개거래,서울 종로구,25.03.07
189,서울특별시 종로구 내수동,73,73,0,경희궁의아침4단지,150.77,202502,8,"240,000",경희궁의 아침 4단지,14,개인,개인,2004,새문안로3길 23,,중개거래,서울 종로구,25.05.29
190,서울특별시 종로구 창신동,703,703,0,창신쌍용2,64.66,202502,7,"61,500",202,11,개인,개인,1993,낙산길 198,,중개거래,서울 종로구,25.06.10
191,서울특별시 종로구 무악동,60,60,0,인왕산아이파크,84.858,202502,7,"138,000",113,14,개인,개인,2008,통일로18길 9,,중개거래,서울 종로구,25.04.23
192,서울특별시 종로구 무악동,60,60,0,인왕산아이파크,84.858,202502,6,"118,000",111,6,개인,개인,2008,통일로18길 9,,중개거래,서울 종로구,25.05.09
193,서울특별시 종로구 숭인동,1421-2,1421,2,숭인한양LEEPS,12.78,202502,5,"10,700",,4,개인,개인,2014,난계로29가길 20,,중개거래,서울 중구,25.02.06
194,서울특별시 종로구 창신동,703,703,0,창신쌍용2,64.66,202502,5,"60,000",202,7,개인,개인,1993,낙산길 198,,중개거래,서울 종로구,25.03.14
195,서울특별시 종로구 무악동,82,82,0,현대,60.0,202502,4,"88,970",103,2,개인,개인,2000,통일로 246-20,,중개거래,"서울 서대문구, 서울 종로구",25.04.14
196,서울특별시 종로구 익선동,30-6,30,6,운현신화타워,78.23,202502,1,"70,000",운현신화타워,15,개인,개인,1998,삼일대로32길 36,,중개거래,서울 종로구,26.01.09
197,서울특별시 종로구 숭인동,1392-1,1392,1,종로아인스빌,12.15,202502,1,"11,000",,15,개인,개인,2013,난계로29가길 19,,직거래,,25.02.24
198,서울특별시 종로구 홍파동,199,199,0,경희궁자이(2단지),84.8359,202502,1,"231,000",206,13,개인,개인,2017,송월길 99,,중개거래,"서울 은평구, 서울 종로구",25.04.30
199,서울특별시 종로구 무악동,82,82,0,현대,114.9,202502,1,"143,900",104,11,개인,개인,2000,통일로 246-20,,중개거래,"서울 서대문구, 서울 종로구",25.05.15
200,서울특별시 종로구 익선동,30-6,30,6,운현신화타워,78.23,202502,1,"70,000",,15,개인,개인,1998,삼일대로32길 36,20250225.0,중개거래,서울 종로구,
201,서울특별시 종로구 평동,233,233,0,경희궁자이(3단지),84.8359,202501,31,"200,000",302,5,개인,개인,2017,경교장길 35,,중개거래,서울 종로구,25.05.30
202,서울특별시 종로구 사직동,9,9,0,광화문스페이스본(101동~105동),108.55,202501,31,"183,000",105,11,개인,개인,2008,사직로8길 4,,중개거래,서울 종로구,25.03.27
203,서울특별시 종로구 무악동,82,82,0,현대,114.9,202501,25,"139,950",105,9,개인,개인,2000,통일로 246-20,,중개거래,서울 종로구,25.05.29
204,서울특별시 종로구 교북동,126,126,0,경희궁자이(4단지),45.879,202501,25,"106,000",401,9,개인,개인,2017,송월길 155,,중개거래,서울 종로구,25.04.21
205,서울특별시 종로구 창신동,702,702,0,창신쌍용1,79.87,202501,24,"69,500",102,2,개인,개인,1992,동망산길 19,,중개거래,서울 종로구,25.02.26
206,서울특별시 종로구 인의동,48-2,48,2,효성쥬얼리시티,84.98,202501,23,"63,000",,17,개인,개인,2006,종로 183,,직거래,,25.02.06
207,서울특별시 종로구 무악동,88,88,0,인왕산2차아이파크,84.2427,202501,19,"111,500",202,2,개인,개인,2015,통일로18길 34,,중개거래,서울 종로구,25.04.01
208,서울특별시 종로구 무악동,60,60,0,인왕산아이파크,84.858,202501,18,"115,000",102,1,개인,개인,2008,통일로18길 9,,중개거래,서울 종로구,25.03.28
209,서울특별시 종로구 무악동,60,60,0,인왕산아이파크,84.858,202501,18,"139,000",113,15,개인,개인,2008,통일로18길 9,,중개거래,서울 종로구,25.03.28
210,서울특별시 종로구 무악동,60,60,0,인왕산아이파크,84.858,202501,18,"115,000",,1,개인,개인,2008,통일로18길 9,20250221.0,중개거래,서울 종로구,
211,서울특별시 종로구 평창동,66-1,66,1,엘리시아,213.07,202501,18,"121,000",엘리시아,1,개인,개인,2009,평창문화로 142,,중개거래,서울 종로구,26.05.29
212,서울특별시 종로구 창신동,702,702,0,창신쌍용1,79.87,202501,18,"71,500",105,1,개인,개인,1992,동망산길 19,,중개거래,서울 종로구,25.02.28
213,서울특별시 종로구 홍파동,199,199,0,경희궁자이(2단지),101.9914,202501,18,"268,000",208,4,개인,개인,2017,송월길 99,,중개거래,서울 종로구,25.03.31
214,서울특별시 종로구 연건동,195-10,195,10,이화에수풀,16.98,202501,14,"17,700",이화에수풀,8,법인,개인,2014,대학로 47,,중개거래,서울 성북구,25.02.20
215,서울특별시 종로구 숭인동,201-11,201,11,종로유케이201,12.01,202501,14,"9,300",1,9,개인,개인,2013,난계로29길 33-4,,중개거래,서울 종로구,25.02.24
216,서울특별시 종로구 내수동,71,71,0,경희궁의아침2단지,140.78,202501,11,"255,000",,15,개인,개인,2004,사직로8길 24,,중개거래,서울 종로구,25.03.27
217,서울특별시 종로구 무악동,82,82,0,현대,114.9,202501,11,"139,900",109,14,개인,개인,2000,통일로 246-20,,중개거래,서울 종로구,25.02.26
218,서울특별시 종로구 명륜2가,4,4,0,아남1,84.9,202501,10,"128,000",제101,17,개인,개인,1995,창경궁로 265,,중개거래,서울 종로구,25.07.04
219,서울특별시 종로구 무악동,82,82,0,현대,60.0,202501,7,"87,970",103,2,개인,개인,2000,통일로 246-20,,중개거래,"서울 마포구, 서울 종로구",25.04.01
220,서울특별시 종로구 무악동,82,82,0,현대,84.92,202501,7,"124,900",108,5,개인,개인,2000,통일로 246-20,,중개거래,서울 종로구,25.04.02
221,서울특별시 종로구 수송동,85,85,0,로얄팰리스스위트,29.31,202501,6,"31,000",로얄팰리스스위트,17,개인,개인,2005,율곡로2길 7,,직거래,,25.01.07
222,서울특별시 종로구 내수동,71,71,0,경희궁의아침2단지,124.17,202501,4,"180,000",,16,개인,개인,2004,사직로8길 24,,중개거래,서울 종로구,25.01.31
223,서울특별시 종로구 연건동,195-10,195,10,이화에수풀,16.98,202501,4,"19,000",이화에수풀,7,개인,개인,2014,대학로 47,,중개거래,서울 종로구,25.02.05
224,서울특별시 종로구 교북동,126,126,0,경희궁자이(4단지),45.879,202501,4,"106,000",401,12,개인,개인,2017,송월길 155,,중개거래,"서울 광진구, 서울 종로구",25.02.25
225,서울특별시 종로구 평동,233,233,0,경희궁자이(3단지),59.9425,202501,3,"181,500",308,7,개인,개인,2017,경교장길 35,,중개거래,서울 종로구,25.03.31
226,서울특별시 종로구 숭인동,202-3,202,3,종로중흥S클래스,17.811,202501,2,"12,300",,11,개인,개인,2013,종로66길 28,,중개거래,서울 종로구,25.02.14
227,서울특별시 종로구 홍파동,199,199,0,경희궁자이(2단지),84.614,202412,31,"233,000",209,4,개인,개인,2017,송월길 99,,중개거래,서울 종로구,25.03.27
228,서울특별시 종로구 무악동,60,60,0,인왕산아이파크,59.993,202412,28,"103,000",116,12,개인,개인,2008,통일로18길 9,,중개거래,서울 종로구,25.03.05
229,서울특별시 종로구 창신동,703,703,0,창신쌍용2,115.53,202412,25,"87,000",206,14,개인,개인,1993,낙산길 198,,중개거래,서울 종로구,25.03.07
230,서울특별시 종로구 통인동,5-1,5,1,효자,61.49,202412,23,"22,000",,5,개인,개인,1999,자하문로 55,,중개거래,서울 종로구,24.12.24
231,서울특별시 종로구 수송동,85,85,0,로얄팰리스스위트,43.07,202412,23,"41,000",로얄팰리스스위트,12,개인,개인,2005,율곡로2길 7,,중개거래,서울 종로구,25.01.02
232,서울특별시 종로구 청운동,56-45,56,45,청운현대,78.78,202412,21,"109,000",청운현대(아)104동,4,개인,개인,2000,자하문로33길 43,,중개거래,서울 종로구,25.03.18
233,서울특별시 종로구 숭인동,2-1,2,1,종로센트레빌,59.92,202412,20,"85,500",101,3,개인,개인,2008,동망산길 47,,중개거래,서울 종로구,25.03.20
234,서울특별시 종로구 창신동,23-76,23,76,브라운스톤창신,84.87,202412,19,"92,900",브라운스톤 창신,6,개인,개인,2006,지봉로 81,,중개거래,서울 종로구,25.02.13
235,서울특별시 종로구 창신동,328-17,328,17,동대문,28.8,202412,17,"40,000",,5,개인,개인,1966,지봉로 25,,직거래,,25.01.15
236,서울특별시 종로구 평창동,72,72,0,롯데낙천대,133.34,202412,17,"113,000",103,11,개인,법인,2001,평창문화로 140,,직거래,,24.12.19
237,서울특별시 종로구 숭인동,1392-1,1392,1,종로아인스빌,12.15,202412,13,"9,500",,10,개인,개인,2013,난계로29가길 19,,중개거래,서울 종로구,25.01.06
238,서울특별시 종로구 평창동,108,108,0,롯데캐슬로잔,219.775,202412,12,"232,000",105,3,개인,개인,2009,평창문화로 156,,중개거래,"서울 은평구, 서울 종로구",24.12.12
239,서울특별시 종로구 창신동,703,703,0,창신쌍용2,79.87,202412,10,"69,500",204,14,개인,개인,1993,낙산길 198,,중개거래,서울 종로구,25.02.17
240,서울특별시 종로구 익선동,55,55,0,현대뜨레비앙,45.5,202412,9,"43,500",,7,개인,개인,2003,돈화문로11가길 59,20241218.0,중개거래,서울 종로구,
241,서울특별시 종로구 숭인동,296-19,296,19,삼전솔하임2차,14.69,202412,9,"11,200",1,8,개인,개인,2012,종로58가길 27,,중개거래,서울 종로구,25.01.10
242,서울특별시 종로구 명륜2가,4,4,0,아남1,84.9,202412,9,"125,000",제101,3,개인,개인,1995,창경궁로 265,,중개거래,서울 종로구,25.02.26
243,서울특별시 종로구 명륜2가,4,4,0,아남1,84.9,202412,7,"120,000",제101,12,개인,개인,1995,창경궁로 265,,중개거래,서울 종로구,25.02.20
244,서울특별시 종로구 무악동,60,60,0,인왕산아이파크,114.931,202412,3,"144,000",106,4,개인,개인,2008,통일로18길 9,,중개거래,서울 종로구,24.12.20
245,서울특별시 종로구 창신동,640-76,640,76,유성,59.85,202411,30,"44,700",,5,개인,개인,1996,창신7가길 14-6,,중개거래,서울 종로구,25.01.20
246,서울특별시 종로구 명륜2가,4,4,0,아남1,84.9,202411,30,"120,000",제102,9,개인,개인,1995,창경궁로 265,,중개거래,서울 종로구,25.02.27
247,서울특별시 종로구 인의동,48-2,48,2,효성쥬얼리시티,84.64,202411,29,"94,500",,12,개인,개인,2006,종로 183,,중개거래,서울 성동구,24.12.04
248,서울특별시 종로구 평창동,596,596,0,삼성,59.97,202411,26,"71,500",101,10,개인,개인,1998,평창문화로 172,,중개거래,서울 송파구,25.01.20
249,서울특별시 종로구 홍파동,199,199,0,경희궁자이(2단지),59.8655,202411,22,"176,000",214,6,개인,개인,2017,송월길 99,,중개거래,서울 종로구,25.05.15
250,서울특별시 종로구 홍파동,199,199,0,경희궁자이(2단지),84.9339,202411,21,"199,000",203,3,개인,개인,2017,송월길 99,,중개거래,서울 종로구,25.01.16
251,서울특별시 종로구 무악동,82,82,0,현대,84.92,202411,21,"120,770",101,10,개인,개인,2000,통일로 246-20,,중개거래,서울 종로구,25.02.17
252,서울특별시 종로구 숭인동,2-1,2,1,종로센트레빌,84.92,202411,18,"113,000",102,7,개인,개인,2008,동망산길 47,,중개거래,서울 종로구,25.03.10
253,서울특별시 종로구 숭인동,296-19,296,19,삼전솔하임2차,16.67,202411,18,"11,500",1,5,개인,개인,2012,종로58가길 27,,직거래,,24.11.22
254,서울특별시 종로구 사직동,9,9,0,광화문스페이스본(101동~105동),70.8,202411,16,"139,000",101,12,개인,개인,2008,사직로8길 4,,중개거래,서울 종로구,25.03.18
255,서울특별시 종로구 숭인동,2-1,2,1,종로센트레빌,59.92,202411,15,"86,000",105,10,개인,개인,2008,동망산길 47,,중개거래,서울 종로구,25.02.07
256,서울특별시 종로구 사직동,9,9,0,광화문스페이스본(101동~105동),146.92,202411,15,"195,000",104,10,개인,개인,2008,사직로8길 4,,중개거래,서울 종로구,25.01.15
257,서울특별시 종로구 평동,233,233,0,경희궁자이(3단지),59.8547,202411,14,"177,500",301,18,개인,개인,2017,경교장길 35,,중개거래,서울 종로구,24.11.25
258,서울특별시 종로구 내수동,95,95,0,경희궁파크팰리스,103.77,202411,13,"153,000",101,4,개인,개인,2003,사직로8길 20,,중개거래,서울 종로구,25.03.28
259,서울특별시 종로구 내수동,73,73,0,경희궁의아침4단지,124.17,202411,13,"194,000",경희궁의 아침 4단지,6,개인,개인,2004,새문안로3길 23,,직거래,,25.03.28
260,서울특별시 종로구 창신동,232,232,0,두산,59.95,202411,13,"83,000",101,9,개인,개인,1999,지봉로5길 7,,중개거래,서울 종로구,25.03.07
261,서울특별시 종로구 익선동,30-6,30,6,운현신화타워,97.03,202411,12,"83,000",운현신화타워,7,개인,개인,1998,삼일대로32길 36,,중개거래,서울 종로구,24.12.30
262,서울특별시 종로구 평창동,155-1,155,1,노블레스빌,243.09,202411,12,"167,000",,5,개인,개인,2002,평창문화로 81-6,,중개거래,서울 종로구,25.01.03
263,서울특별시 종로구 사직동,9,9,0,광화문스페이스본(101동~105동),147.31,202411,11,"197,000",105,14,개인,개인,2008,사직로8길 4,,중개거래,서울 용산구,25.01.15
264,서울특별시 종로구 무악동,82,82,0,현대,60.0,202411,10,"93,000",,8,개인,개인,2000,통일로 246-9,20241118.0,중개거래,서울 종로구,
265,서울특별시 종로구 무악동,82,82,0,현대,60.0,202411,10,"93,000",112,8,개인,개인,2000,통일로 246-9,,중개거래,서울 종로구,25.01.13
266,서울특별시 종로구 무악동,82,82,0,현대,60.0,202411,10,"93,000",,8,개인,개인,2000,통일로 246-9,20241118.0,중개거래,서울 종로구,
267,서울특별시 종로구 무악동,82,82,0,현대,60.0,202411,10,"93,000",,8,개인,개인,2000,통일로 246-9,20241231.0,중개거래,서울 종로구,
268,서울특별시 종로구 무악동,82,82,0,현대,60.0,202411,10,"93,000",,8,개인,개인,2000,통일로 246-9,20241114.0,중개거래,서울 종로구,
269,서울특별시 종로구 숭인동,76,76,0,롯데캐슬천지인,84.95,202411,9,"105,000",롯데캐슬 천지인(인),7,개인,개인,2004,종로 347,,중개거래,서울 종로구,24.12.20
270,서울특별시 종로구 창신동,703,703,0,창신쌍용2,64.66,202411,9,"58,500",202,2,개인,개인,1993,낙산길 198,,중개거래,서울 종로구,24.12.30
271,서울특별시 종로구 홍파동,199,199,0,경희궁자이(2단지),84.614,202411,8,"227,500",209,10,개인,개인,2017,송월길 99,,중개거래,서울 종로구,25.01.02
272,서울특별시 종로구 익선동,55,55,0,현대뜨레비앙,48.54,202411,6,"44,000",현대뜨레비앙,4,개인,개인,2003,돈화문로11가길 59,,중개거래,서울 종로구,24.11.15
273,서울특별시 종로구 익선동,55,55,0,현대뜨레비앙,28.1,202411,6,"30,000",현대뜨레비앙,8,개인,개인,2003,돈화문로11가길 59,,중개거래,서울 종로구,24.12.23
274,서울특별시 종로구 무악동,82,82,0,현대,60.0,202411,5,"97,490",112,9,개인,개인,2000,통일로 246-9,,중개거래,서울 종로구,24.12.13
275,서울특별시 종로구 내수동,95,95,0,경희궁파크팰리스,103.77,202411,5,"170,000",103,16,개인,개인,2003,사직로8길 20,,중개거래,서울 종로구,25.03.26
276,서울특별시 종로구 숭인동,318-2,318,2,삼전솔하임4차,15.09,202411,5,"13,000",삼전솔하임4차,17,개인,개인,2014,지봉로4길 13,,중개거래,서울 성북구,24.11.07
277,서울특별시 종로구 홍파동,199,199,0,경희궁자이(2단지),84.8359,202411,5,"228,000",206,9,개인,개인,2017,송월길 99,,중개거래,"서울 서초구, 서울 종로구",25.01.31
278,서울특별시 종로구 창신동,703,703,0,창신쌍용2,106.62,202411,4,"84,500",205,12,개인,개인,1993,낙산길 198,,중개거래,서울 종로구,25.02.07
279,서울특별시 종로구 부암동,218-1,218,1,부암스카이뷰,81.08,202411,3,"59,500",,2,개인,개인,2004,창의문로 166,,중개거래,서울 종로구,24.12.30
280,서울특별시 종로구 숭인동,2-1,2,1,종로센트레빌,84.92,202411,3,"101,000",104,11,개인,개인,2008,동망산길 47,,중개거래,서울 종로구,25.03.19
281,서울특별시 종로구 내수동,72,72,0,경희궁의아침3단지,174.55,202411,2,"255,000",경희궁의 아침 3단지,5,개인,개인,2004,사직로8길 34,,중개거래,서울 종로구,25.06.05
282,서울특별시 종로구 홍파동,199,199,0,경희궁자이(2단지),101.9914,202411,2,"267,000",206,3,개인,개인,2017,송월길 99,,중개거래,서울 종로구,25.02.20
283,서울특별시 종로구 홍파동,199,199,0,경희궁자이(2단지),59.8547,202411,2,"177,000",205,16,개인,개인,2017,송월길 99,,중개거래,서울 종로구,25.02.03
284,서울특별시 종로구 숭인동,181-121,181,121,도시그린빌라,58.79,202411,1,"37,800",,1,개인,개인,1997,숭인동1길 31,,중개거래,서울 종로구,24.11.21
285,서울특별시 종로구 명륜2가,236,236,0,아남2,59.4,202411,1,"84,000",201,4,개인,개인,1996,혜화로3길 33,,중개거래,서울 종로구,24.12.23
286,서울특별시 종로구 명륜2가,4,4,0,아남1,84.9,202410,31,"114,500",제101,3,개인,개인,1995,창경궁로 265,,중개거래,서울 종로구,25.02.11
287,서울특별시 종로구 홍파동,199,199,0,경희궁자이(2단지),84.8359,202410,30,"225,000",209,8,개인,개인,2017,송월길 99,,중개거래,서울 종로구,25.03.04
288,서울특별시 종로구 신문로1가,238,238,0,신문로맨션,81.28,202410,26,"79,500",,10,개인,개인,1981,새문안로3길 12,,중개거래,서울 종로구,24.12.18
289,서울특별시 종로구 사직동,9-1,9,1,광화문스페이스본(106동),163.33,202410,26,"210,000",106,6,개인,개인,2008,경희궁길 57,,중개거래,서울 종로구,25.02.28
290,서울특별시 종로구 창신동,601-2,601,2,MID그린(3동),58.91,202410,24,"43,000",103,5,개인,개인,2002,창신길 140-16,,중개거래,서울 성북구,25.01.08
291,서울특별시 종로구 평창동,179-5,179,5,밀레니엄,83.7,202410,22,"70,000",1,3,개인,개인,2017,평창12길 14-4,,직거래,,24.10.25
292,서울특별시 종로구 숭인동,766,766,0,종로청계힐스테이트,114.7153,202410,22,"120,000",106,11,개인,개인,2009,숭인동길 21,,중개거래,서울 종로구,25.01.13
293,서울특별시 종로구 사직동,9-1,9,1,광화문스페이스본(106동),153.42,202410,22,"208,800",106,11,개인,개인,2008,경희궁길 57,,중개거래,서울 종로구,25.05.19
294,서울특별시 종로구 홍파동,199,199,0,경희궁자이(2단지),101.9914,202410,22,"266,000",208,20,개인,개인,2017,송월길 99,,중개거래,서울 종로구,25.01.15
295,서울특별시 종로구 명륜2가,4,4,0,아남1,84.9,202410,21,"113,000",제102,11,개인,개인,1995,창경궁로 265,,중개거래,서울 종로구,24.11.29
296,서울특별시 종로구 무악동,82,82,0,현대,114.9,202410,21,"141,970",109,8,개인,개인,2000,통일로 246-20,,중개거래,서울 종로구,25.02.27
297,서울특별시 종로구 혜화동,20-12,20,12,혜화훼미리,61.38,202410,21,"61,000",,7,개인,개인,2004,혜화로8길 25,,중개거래,서울 종로구,25.01.24
298,서울특별시 종로구 평동,233,233,0,경희궁자이(3단지),84.614,202410,19,"205,000",303,14,개인,개인,2017,경교장길 35,,중개거래,서울 종로구,25.02.18
299,서울특별시 종로구 숭인동,201-11,201,11,종로유케이201,12.01,202410,19,"8,800",1,6,개인,개인,2013,난계로29길 33-4,,중개거래,서울 종로구,24.11.26
300,서울특별시 종로구 사직동,9,9,0,광화문스페이스본(101동~105동),108.55,202410,18,"169,000",105,4,개인,개인,2008,사직로8길 4,,중개거래,서울 종로구,25.02.14
301,서울특별시 종로구 무악동,60,60,0,인왕산아이파크,84.858,202410,12,"129,000",108,11,개인,개인,2008,통일로18길 9,,중개거래,서울 종로구,25.02.26
302,서울특별시 종로구 사직동,9,9,0,광화문스페이스본(101동~105동),94.51,202410,12,"159,000",102,11,개인,개인,2008,사직로8길 4,,중개거래,서울 종로구,25.02.03
303,서울특별시 종로구 창신동,578-5,578,5,동대문맨션,122.71,202410,12,"56,500",,4,개인,개인,1973,창신길 20,,중개거래,서울 종로구,24.11.01
304,서울특별시 종로구 숭인동,766,766,0,종로청계힐스테이트,59.9426,202410,11,"79,000",104,10,개인,개인,2009,숭인동길 21,,중개거래,서울 동대문구,25.02.26
305,서울특별시 종로구 창신동,702,702,0,창신쌍용1,79.87,202410,10,"74,300",105,12,개인,개인,1992,동망산길 19,,중개거래,서울 종로구,25.02.05
306,서울특별시 종로구 무악동,82,82,0,현대,60.0,202410,9,"89,270",101,5,개인,개인,2000,통일로 246-20,,중개거래,서울 종로구,25.03.31
307,서울특별시 종로구 내수동,71,71,0,경희궁의아침2단지,140.78,202410,9,"198,000",,4,개인,개인,2004,사직로8길 24,,중개거래,서울 종로구,25.02.03
308,서울특별시 종로구 창신동,702,702,0,창신쌍용1,79.87,202410,9,"72,000",105,13,개인,개인,1992,동망산길 19,,중개거래,"서울 종로구, 서울 중구",25.01.15
309,서울특별시 종로구 사직동,9-1,9,1,광화문스페이스본(106동),153.42,202410,8,"209,000",106,1,개인,개인,2008,경희궁길 57,,중개거래,서울 종로구,24.12.09
310,서울특별시 종로구 숭인동,204-11,204,11,숭인상가,78.75,202410,8,"62,500",,6,개인,개인,1979,청계천로 391,,중개거래,서울 중구,24.11.08
311,서울특별시 종로구 무악동,60,60,0,인왕산아이파크,114.931,202410,7,"149,500",107,9,개인,개인,2008,통일로18길 9,,중개거래,서울 종로구,25.02.03
312,서울특별시 종로구 홍파동,199,199,0,경희궁자이(2단지),84.8359,202410,7,"213,000",205,6,개인,개인,2017,송월길 99,,중개거래,서울 종로구,25.03.07
313,서울특별시 종로구 무악동,60,60,0,인왕산아이파크,84.858,202410,7,"125,000",109,7,개인,개인,2008,통일로18길 9,,중개거래,서울 종로구,25.02.03
314,서울특별시 종로구 평창동,595,595,0,갑을아파트,32.54,202410,7,"20,000",,9,개인,개인,1997,평창문화로 19,,중개거래,서울 종로구,24.10.24
315,서울특별시 종로구 무악동,60,60,0,인왕산아이파크,84.858,202410,7,"125,000",,7,개인,개인,2008,통일로18길 9,20250114.0,중개거래,서울 종로구,
316,서울특별시 종로구 홍파동,199,199,0,경희궁자이(2단지),59.8655,202410,5,"173,500",214,4,개인,개인,2017,송월길 99,,중개거래,서울 종로구,25.02.21
317,서울특별시 종로구 무악동,82,82,0,현대,84.92,202410,5,"124,900",108,11,개인,개인,2000,통일로 246-20,,중개거래,서울 종로구,25.02.20
318,서울특별시 종로구 평창동,45,45,0,벽산블루밍평창힐스,150.83,202410,5,"158,000",103,4,개인,개인,2004,평창문화로 118,,중개거래,서울 종로구,24.11.11
319,서울특별시 종로구 연건동,195-10,195,10,이화에수풀,16.98,202410,4,"17,500",이화에수풀,6,개인,개인,2014,대학로 47,,중개거래,서울 종로구,24.10.04
320,서울특별시 종로구 창신동,702,702,0,창신쌍용1,54.7,202410,3,"65,000",101,3,개인,개인,1992,동망산길 19,,중개거래,"서울 성북구, 서울 종로구",25.01.24
321,서울특별시 종로구 무악동,60,60,0,인왕산아이파크,84.858,202410,3,"134,000",112,10,개인,개인,2008,통일로18길 9,,중개거래,서울 종로구,25.01.24
322,서울특별시 종로구 무악동,60,60,0,인왕산아이파크,84.858,202410,2,"137,000",101,12,개인,개인,2008,통일로18길 9,,중개거래,서울 종로구,25.02.13
323,서울특별시 종로구 통인동,5-1,5,1,효자,61.49,202410,1,"23,000",,4,개인,개인,1999,자하문로 55,,직거래,,24.10.29
324,서울특별시 종로구 숭인동,766,766,0,종로청계힐스테이트,59.9426,202409,28,"75,000",,8,개인,개인,2009,숭인동길 21,20241119.0,중개거래,서울 종로구,
325,서울특별시 종로구 홍파동,199,199,0,경희궁자이(2단지),84.9895,202409,27,"183,800",204,15,개인,개인,2017,송월길 99,,직거래,,24.10.02
326,서울특별시 종로구 숭인동,202-3,202,3,종로중흥S클래스,19.466,202409,27,"12,950",,14,개인,개인,2013,종로66길 28,,중개거래,서울 종로구,24.11.21
327,서울특별시 종로구 숭인동,766,766,0,종로청계힐스테이트,59.9426,202409,27,"75,000",103,8,개인,개인,2009,숭인동길 21,,중개거래,서울 종로구,24.11.19
328,서울특별시 종로구 무악동,88,88,0,인왕산2차아이파크,84.0284,202409,25,"121,000",201,15,개인,개인,2015,통일로18길 34,,중개거래,서울 종로구,24.12.26
329,서울특별시 종로구 숭인동,1421-2,1421,2,숭인한양LEEPS,12.78,202409,25,"9,200",,4,개인,개인,2014,난계로29가길 20,,중개거래,서울 동대문구,24.09.25
330,서울특별시 종로구 평창동,108,108,0,롯데캐슬로잔,238.858,202409,24,"227,000",101,2,개인,개인,2009,평창문화로 156,,중개거래,서울 강남구,25.03.28
331,서울특별시 종로구 숭인동,202-3,202,3,종로중흥S클래스,17.811,202409,23,"11,500",,11,개인,개인,2013,종로66길 28,,중개거래,서울 종로구,24.12.31
332,서울특별시 종로구 무악동,60,60,0,인왕산아이파크,84.858,202409,23,"87,000",103,9,개인,개인,2008,통일로18길 9,,직거래,,25.05.30
333,서울특별시 종로구 평창동,66-1,66,1,엘리시아,206.22,202409,20,"109,000",엘리시아,2,개인,법인,2009,평창문화로 142,,중개거래,서울 종로구,24.10.10
334,서울특별시 종로구 창신동,702,702,0,창신쌍용1,54.7,202409,19,"67,700",101,7,개인,개인,1992,동망산길 19,,중개거래,서울 종로구,25.01.10
335,서울특별시 종로구 숭인동,76,76,0,롯데캐슬천지인,111.73,202409,12,"126,000",롯데캐슬 천지인(천),16,개인,개인,2004,종로 347,,중개거래,서울 종로구,24.12.20
336,서울특별시 종로구 평창동,108,108,0,롯데캐슬로잔,200.331,202409,10,"215,000",104,2,개인,개인,2009,평창문화로 156,,중개거래,서울 종로구,24.11.15
337,서울특별시 종로구 사직동,9,9,0,광화문스페이스본(101동~105동),91.35,202409,9,"148,500",102,14,개인,개인,2008,사직로8길 4,,중개거래,"경기 고양시 일산서구, 서울 종로구",24.10.23
338,서울특별시 종로구 숭인동,2-1,2,1,종로센트레빌,114.67,202409,9,"120,000",103,5,개인,개인,2008,동망산길 47,,중개거래,서울 성북구,24.09.30
339,서울특별시 종로구 홍파동,199,199,0,경희궁자이(2단지),84.8359,202409,8,"220,000",205,9,개인,개인,2017,송월길 99,,중개거래,서울 종로구,25.01.09
340,서울특별시 종로구 평창동,66-1,66,1,엘리시아,213.07,202409,8,"133,000",엘리시아,2,개인,개인,2009,평창문화로 142,,중개거래,서울 종로구,24.12.20
341,서울특별시 종로구 평창동,108,108,0,롯데캐슬로잔,225.857,202409,8,"225,000",104,4,개인,개인,2009,평창문화로 156,,중개거래,서울 종로구,24.11.29
342,서울특별시 종로구 내수동,73,73,0,경희궁의아침4단지,145.96,202409,7,"197,000",경희궁의 아침 4단지,2,개인,개인,2004,새문안로3길 23,,중개거래,서울 종로구,25.01.09
343,서울특별시 종로구 홍파동,199,199,0,경희궁자이(2단지),59.8655,202409,7,"170,500",214,2,개인,개인,2017,송월길 99,,중개거래,"서울 양천구, 서울 종로구",24.12.20
344,서울특별시 종로구 숭인동,1421-1,1421,1,종로동광모닝스카이,15.855,202409,7,"10,550",,11,개인,개인,2013,난계로29가길 24,,중개거래,서울 종로구,24.09.27
345,서울특별시 종로구 평동,233,233,0,경희궁자이(3단지),59.8547,202409,6,"170,500",304,5,개인,개인,2017,경교장길 35,,중개거래,서울 종로구,24.12.12
346,서울특별시 종로구 행촌동,41-1,41,1,대성아파트,30.28,202409,6,"27,000",나동,8,개인,개인,1971,사직로 21,,중개거래,서울 종로구,24.11.01
347,서울특별시 종로구 평창동,595,595,0,갑을아파트,64.88,202409,6,"32,500",,10,개인,개인,1997,평창문화로 19,,중개거래,서울 종로구,24.11.07
348,서울특별시 종로구 내수동,73,73,0,경희궁의아침4단지,124.17,202409,6,"190,000",경희궁의 아침 4단지,4,개인,개인,2004,새문안로3길 23,,중개거래,"서울 송파구, 서울 종로구",24.10.30
349,서울특별시 종로구 사직동,9,9,0,광화문스페이스본(101동~105동),94.51,202409,5,"152,500",102,12,개인,개인,2008,사직로8길 4,,중개거래,서울 종로구,24.10.17
350,서울특별시 종로구 당주동,145,145,0,롯데미도파광화문빌딩,93.36,202409,5,"82,000",,7,개인,개인,1981,세종대로23길 47,,직거래,,24.12.09
351,서울특별시 종로구 창신동,232,232,0,두산,84.9,202409,5,"93,700",103,23,개인,개인,1999,지봉로5길 7,,중개거래,서울 종로구,24.11.15
352,서울특별시 종로구 평창동,108,108,0,롯데캐슬로잔,200.331,202409,4,"215,000",,2,개인,개인,2009,평창문화로 156,20241113.0,중개거래,서울 종로구,
353,서울특별시 종로구 평창동,108,108,0,롯데캐슬로잔,200.331,202409,4,"215,000",,2,개인,개인,2009,평창문화로 156,20241015.0,중개거래,서울 종로구,
354,서울특별시 종로구 평창동,595,595,0,갑을아파트,30.46,202408,31,"17,500",,9,개인,개인,1997,평창문화로 19,,중개거래,"서울 동대문구, 서울 종로구",24.09.09
355,서울특별시 종로구 사직동,9,9,0,광화문스페이스본(101동~105동),97.61,202408,30,"155,000",105,11,개인,개인,2008,사직로8길 4,,중개거래,서울 종로구,24.10.18
356,서울특별시 종로구 무악동,82,82,0,현대,84.92,202408,30,"118,000",111,7,개인,개인,2000,통일로 246-20,,중개거래,"대구 남구, 서울 종로구",24.10.30
357,서울특별시 종로구 내수동,72,72,0,경희궁의아침3단지,150.48,202408,30,"210,000",경희궁의 아침 3단지,9,개인,개인,2004,사직로8길 34,,중개거래,서울 종로구,24.11.18
358,서울특별시 종로구 창신동,601,601,0,MID그린(1동),59.55,202408,29,"44,300",101,7,개인,개인,2002,창신길 140-21,,중개거래,서울 종로구,24.10.30
359,서울특별시 종로구 숭인동,1421,1421,0,버넷하임1,17.96,202408,28,"12,800",1,13,개인,개인,2013,난계로29가길 16,,중개거래,서울 종로구,24.09.26
360,서울특별시 종로구 숭인동,296-19,296,19,삼전솔하임2차,16.67,202408,27,"12,000",1,7,개인,개인,2012,종로58가길 27,,중개거래,서울 종로구,24.10.02
361,서울특별시 종로구 익선동,55,55,0,현대뜨레비앙,48.54,202408,27,"44,000",현대뜨레비앙,5,개인,개인,2003,돈화문로11가길 59,,중개거래,서울 종로구,24.10.08
362,서울특별시 종로구 효제동,65-2,65,2,포레스트힐시티,18.505,202408,26,"17,000",포레스트힐시티,3,개인,개인,2017,대학로 33,,중개거래,서울 종로구,24.09.27
363,서울특별시 종로구 무악동,82,82,0,현대,60.0,202408,26,"91,900",101,9,개인,개인,2000,통일로 246-20,,중개거래,"서울 마포구, 서울 서대문구",24.11.20
364,서울특별시 종로구 창신동,702,702,0,창신쌍용1,79.87,202408,26,"71,000",104,13,개인,개인,1992,동망산길 19,,중개거래,서울 종로구,25.02.28
365,서울특별시 종로구 내수동,73,73,0,경희궁의아침4단지,150.48,202408,26,"233,000",경희궁의 아침 4단지,12,개인,개인,2004,새문안로3길 23,,중개거래,서울 종로구,25.01.09
366,서울특별시 종로구 무악동,82,82,0,현대,60.0,202408,24,"98,970",112,6,개인,개인,2000,통일로 246-9,,중개거래,서울 종로구,24.12.04
367,서울특별시 종로구 창신동,703,703,0,창신쌍용2,64.66,202408,24,"59,500",203,4,개인,개인,1993,낙산길 198,,중개거래,서울 종로구,24.12.06
368,서울특별시 종로구 무악동,88,88,0,인왕산2차아이파크,84.0284,202408,24,"111,000",201,3,개인,개인,2015,통일로18길 34,,중개거래,서울 종로구,24.10.23
369,서울특별시 종로구 무악동,82,82,0,현대,84.92,202408,23,"119,460",108,3,개인,개인,2000,통일로 246-20,,중개거래,서울 종로구,24.11.29
370,서울특별시 종로구 무악동,82,82,0,현대,60.0,202408,21,"84,970",101,8,개인,개인,2000,통일로 246-20,,중개거래,서울 종로구,24.10.07
371,서울특별시 종로구 부암동,265-10,265,10,프라임캐슬(케이빌라트),88.89,202408,21,"58,500",,3,개인,개인,2002,창의문로5길 7,,중개거래,서울 종로구,24.11.11
372,서울특별시 종로구 창신동,702,702,0,창신쌍용1,54.7,202408,21,"64,000",101,11,개인,개인,1992,동망산길 19,,중개거래,서울 종로구,24.10.16
373,서울특별시 종로구 충신동,60,60,0,힐스테이트창경궁,76.83,202408,20,"96,000",101동,6,개인,법인,2022,율곡로 236,,직거래,,24.08.22
374,서울특별시 종로구 숭인동,1421-2,1421,2,숭인한양LEEPS,12.78,202408,19,"10,400",,8,개인,개인,2014,난계로29가길 20,,중개거래,서울 중구,24.08.29
375,서울특별시 종로구 인의동,48-2,48,2,효성쥬얼리시티,84.98,202408,17,"90,000",,15,개인,개인,2006,종로 183,,중개거래,서울 종로구,24.11.29
376,서울특별시 종로구 명륜1가,5-89,5,89,방산아파트,57.1,202408,17,"16,000",,1,개인,개인,1995,성균관로17길 33,,중개거래,서울 종로구,24.08.23
377,서울특별시 종로구 무악동,60,60,0,인왕산아이파크,84.858,202408,17,"138,000",113,17,개인,개인,2008,통일로18길 9,,중개거래,서울 종로구,24.10.11
378,서울특별시 종로구 무악동,82,82,0,현대,84.92,202408,17,"118,000",111,7,개인,개인,2000,통일로 246-20,,중개거래,서울 종로구,24.11.29
379,서울특별시 종로구 숭인동,202-3,202,3,종로중흥S클래스,19.466,202408,16,"12,000",,16,개인,개인,2013,종로66길 28,,중개거래,서울 종로구,24.09.23
380,서울특별시 종로구 인의동,48-2,48,2,효성쥬얼리시티,92.81,202408,15,"93,000",,9,개인,개인,2006,종로 183,,중개거래,"서울 광진구, 서울 성북구",24.10.10
381,서울특별시 종로구 신문로1가,238,238,0,신문로맨션,91.53,202408,14,"88,000",,8,개인,개인,1981,새문안로3길 12,,중개거래,서울 종로구,24.08.14
382,서울특별시 종로구 평창동,595,595,0,갑을아파트,30.46,202408,14,"19,350",,11,개인,개인,1997,평창문화로 19,,직거래,,24.08.29
383,서울특별시 종로구 숭인동,766,766,0,종로청계힐스테이트,84.9478,202408,12,"102,000",105,5,개인,개인,2009,숭인동길 21,,중개거래,서울 종로구,24.11.29
384,서울특별시 종로구 창신동,703,703,0,창신쌍용2,54.7,202408,12,"57,700",201,2,개인,개인,1993,낙산길 198,,중개거래,서울 종로구,24.11.15
385,서울특별시 종로구 무악동,89,89,0,경희궁롯데캐슬,59.6737,202408,11,"134,000",102동,8,개인,개인,2019,통일로 230,,중개거래,서울 종로구,25.02.17
386,서울특별시 종로구 무악동,82,82,0,현대,84.92,202408,8,"116,950",110,3,개인,개인,2000,통일로 246-20,,중개거래,서울 종로구,24.12.16
387,서울특별시 종로구 창신동,703,703,0,창신쌍용2,79.87,202408,6,"71,800",207,11,개인,개인,1993,낙산길 198,,중개거래,서울 종로구,24.11.29
388,서울특별시 종로구 홍파동,199,199,0,경희궁자이(2단지),84.9071,202408,6,"228,000",201,17,개인,개인,2017,송월길 99,,중개거래,"서울 용산구, 서울 종로구",24.11.01
389,서울특별시 종로구 사직동,9,9,0,광화문스페이스본(101동~105동),94.51,202408,6,"162,000",101,10,개인,개인,2008,사직로8길 4,,중개거래,서울 종로구,24.11.01
390,서울특별시 종로구 홍파동,199,199,0,경희궁자이(2단지),59.8547,202408,3,"175,000",205,15,개인,개인,2017,송월길 99,,중개거래,서울 종로구,25.02.26
391,서울특별시 종로구 수송동,85,85,0,로얄팰리스스위트,39.57,202408,3,"35,500",로얄팰리스스위트,7,개인,개인,2005,율곡로2길 7,,중개거래,서울 종로구,24.09.03
392,서울특별시 종로구 평동,233,233,0,경희궁자이(3단지),77.9737,202408,1,"185,000",305,2,개인,개인,2017,경교장길 35,,중개거래,"서울 서초구, 서울 종로구",24.09.02
393,서울특별시 종로구 무악동,82,82,0,현대,60.0,202408,1,"89,450",103,13,개인,개인,2000,통일로 246-20,,중개거래,서울 종로구,24.09.20
394,서울특별시 종로구 무악동,60,60,0,인왕산아이파크,114.931,202407,30,"143,000",106,5,개인,개인,2008,통일로18길 9,,중개거래,서울 종로구,24.10.31
395,서울특별시 종로구 숭인동,1421-1,1421,1,종로동광모닝스카이,15.855,202407,30,"10,900",,13,개인,개인,2013,난계로29가길 24,,중개거래,서울 종로구,24.08.26
396,서울특별시 종로구 숭인동,296-19,296,19,삼전솔하임2차,14.69,202407,28,"10,000",1,5,개인,개인,2012,종로58가길 27,,중개거래,서울 종로구,24.08.06
397,서울특별시 종로구 창신동,703,703,0,창신쌍용2,64.66,202407,26,"59,000",203,10,개인,개인,1993,낙산길 198,,중개거래,서울 종로구,24.09.25
398,서울특별시 종로구 무악동,89,89,0,경희궁롯데캐슬,84.8792,202407,26,"165,000",103동,13,개인,개인,2019,통일로 230,,중개거래,"서울 서초구, 서울 종로구",24.08.20
399,서울특별시 종로구 혜화동,20-12,20,12,혜화훼미리,61.38,202407,25,"62,500",,7,개인,개인,2004,혜화로8길 25,20240909.0,중개거래,서울 종로구,
400,서울특별시 종로구 창신동,703,703,0,창신쌍용2,64.66,202407,25,"59,200",203,3,개인,개인,1993,낙산길 198,,중개거래,서울 종로구,24.10.25
401,서울특별시 종로구 숭인동,2-1,2,1,종로센트레빌,59.92,202407,25,"80,000",105,1,개인,개인,2008,동망산길 47,,중개거래,서울 종로구,24.09.30
402,서울특별시 종로구 명륜2가,4,4,0,아남1,84.8,202407,25,"105,500",제101,4,개인,개인,1995,창경궁로 265,,중개거래,서울 종로구,24.08.02
403,서울특별시 종로구 평동,233,233,0,경희궁자이(3단지),84.9443,202407,23,"200,000",303,6,개인,개인,2017,경교장길 35,,중개거래,서울 종로구,24.09.30
404,서울특별시 종로구 숭인동,202-3,202,3,종로중흥S클래스,17.811,202407,23,"12,000",,10,개인,개인,2013,종로66길 28,,중개거래,서울 종로구,24.08.23
405,서울특별시 종로구 창신동,703,703,0,창신쌍용2,64.66,202407,22,"64,000",202,13,개인,개인,1993,낙산길 198,,중개거래,"서울 강남구, 서울 종로구",24.08.30
406,서울특별시 종로구 무악동,82,82,0,현대,60.0,202407,22,"86,990",101,9,개인,개인,2000,통일로 246-20,,중개거래,"경기 성남시 수정구, 서울 종로구",24.08.26
407,서울특별시 종로구 익선동,55,55,0,현대뜨레비앙,46.64,202407,21,"43,500",현대뜨레비앙,4,개인,개인,2003,돈화문로11가길 59,,중개거래,서울 종로구,24.08.30
408,서울특별시 종로구 홍파동,199,199,0,경희궁자이(2단지),59.8547,202407,20,"164,000",204,5,개인,개인,2017,송월길 99,,중개거래,서울 종로구,24.10.16
409,서울특별시 종로구 홍파동,199,199,0,경희궁자이(2단지),84.9443,202407,20,"176,000",202,1,개인,개인,2017,송월길 99,,중개거래,서울 종로구,24.09.30
410,서울특별시 종로구 숭인동,766,766,0,종로청계힐스테이트,84.9478,202407,20,"100,500",105,6,개인,개인,2009,숭인동길 21,,중개거래,서울 종로구,24.11.19
411,서울특별시 종로구 숭인동,202-3,202,3,종로중흥S클래스,17.811,202407,20,"11,900",,7,개인,개인,2013,종로66길 28,,중개거래,서울 종로구,24.09.20
412,서울특별시 종로구 평동,233,233,0,경희궁자이(3단지),84.8359,202407,20,"215,000",302,12,개인,개인,2017,경교장길 35,,중개거래,서울 종로구,24.08.20
413,서울특별시 종로구 명륜2가,4,4,0,아남1,84.8,202407,20,"99,000",제103,2,개인,개인,1995,창경궁로 265,,중개거래,서울 종로구,24.08.23
414,서울특별시 종로구 무악동,82,82,0,현대,60.0,202407,20,"95,850",112,7,개인,개인,2000,통일로 246-9,,중개거래,서울 종로구,24.10.30
415,서울특별시 종로구 무악동,82,82,0,현대,84.92,202407,19,"117,800",108,18,개인,개인,2000,통일로 246-20,,중개거래,서울 종로구,24.10.07
416,서울특별시 종로구 내수동,71,71,0,경희궁의아침2단지,140.78,202407,18,"197,000",,13,개인,개인,2004,사직로8길 24,,중개거래,"서울 마포구, 서울 종로구",24.11.29
417,서울특별시 종로구 무악동,60,60,0,인왕산아이파크,114.931,202407,17,"143,500",,1,개인,개인,2008,통일로18길 9,20241016.0,중개거래,서울 종로구,
418,서울특별시 종로구 무악동,60,60,0,인왕산아이파크,114.931,202407,17,"143,500",107,1,개인,개인,2008,통일로18길 9,,중개거래,서울 종로구,24.12.02
419,서울특별시 종로구 익선동,55,55,0,현대뜨레비앙,45.5,202407,16,"36,000",현대뜨레비앙,3,개인,개인,2003,돈화문로11가길 59,,중개거래,서울 종로구,24.09.12
420,서울특별시 종로구 숭인동,766,766,0,종로청계힐스테이트,59.9426,202407,15,"81,500",102,8,개인,개인,2009,숭인동길 21,,중개거래,서울 종로구,24.09.24
421,서울특별시 종로구 무악동,60,60,0,인왕산아이파크,84.858,202407,13,"120,000",110,3,개인,개인,2008,통일로18길 9,,중개거래,서울 종로구,24.11.29
422,서울특별시 종로구 평동,233,233,0,경희궁자이(3단지),84.8359,202407,13,"197,000",305,2,개인,개인,2017,경교장길 35,,중개거래,서울 종로구,25.06.05
423,서울특별시 종로구 평동,233,233,0,경희궁자이(3단지),84.614,202407,13,"183,500",302,2,개인,개인,2017,경교장길 35,,중개거래,서울 종로구,24.10.04
424,서울특별시 종로구 무악동,60,60,0,인왕산아이파크,84.858,202407,13,"137,500",103,13,개인,개인,2008,통일로18길 9,,중개거래,서울 종로구,24.10.04
425,서울특별시 종로구 필운동,254,254,0,신동아블루아광화문의꿈,108.95,202407,13,"143,000",,7,개인,개인,2007,사직로 102,,중개거래,서울 종로구,24.10.30
426,서울특별시 종로구 평동,233,233,0,경희궁자이(3단지),59.8547,202407,12,"166,000",301,16,개인,개인,2017,경교장길 35,,중개거래,"서울 마포구, 서울 종로구",24.11.14
427,서울특별시 종로구 숭인동,76,76,0,롯데캐슬천지인,111.73,202407,12,"120,000",롯데캐슬 천지인(천),4,개인,개인,2004,종로 347,,중개거래,서울 종로구,24.09.13
428,서울특별시 종로구 홍파동,199,199,0,경희궁자이(2단지),116.9862,202407,12,"300,000",207,9,개인,개인,2017,송월길 99,,중개거래,서울 종로구,25.03.31
429,서울특별시 종로구 홍파동,199,199,0,경희궁자이(2단지),138.6533,202407,12,"335,000",207,5,개인,법인,2017,송월길 99,,중개거래,서울 종로구,24.11.29
430,서울특별시 종로구 홍파동,199,199,0,경희궁자이(2단지),59.8547,202407,12,"170,000",205,4,개인,개인,2017,송월길 99,,중개거래,서울 종로구,24.09.30
431,서울특별시 종로구 숭인동,766,766,0,종로청계힐스테이트,84.9478,202407,11,"98,000",105,3,개인,개인,2009,숭인동길 21,,중개거래,서울 종로구,24.10.15
432,서울특별시 종로구 창신동,703,703,0,창신쌍용2,54.7,202407,11,"58,000",201,10,개인,개인,1993,낙산길 198,,중개거래,"서울 강남구, 서울 종로구",24.11.06
433,서울특별시 종로구 무악동,89,89,0,경희궁롯데캐슬,84.8792,202407,11,"166,000",103동,12,개인,개인,2019,통일로 230,,중개거래,"서울 서초구, 서울 종로구",24.12.17
434,서울특별시 종로구 평동,233,233,0,경희궁자이(3단지),84.614,202407,10,"215,000",302,11,개인,개인,2017,경교장길 35,,중개거래,서울 종로구,24.11.29
435,서울특별시 종로구 평창동,66-1,66,1,엘리시아,213.07,202407,10,"105,000",엘리시아,3,개인,법인,2009,평창문화로 142,,중개거래,서울 종로구,24.10.02
436,서울특별시 종로구 익선동,55,55,0,현대뜨레비앙,48.54,202407,8,"45,000",현대뜨레비앙,5,개인,개인,2003,돈화문로11가길 59,,중개거래,서울 종로구,24.08.09
437,서울특별시 종로구 숭인동,766,766,0,종로청계힐스테이트,59.9426,202407,7,"84,500",102,5,개인,개인,2009,숭인동길 21,,중개거래,"서울 강서구, 서울 종로구",24.09.27
438,서울특별시 종로구 무악동,88,88,0,인왕산2차아이파크,84.0284,202407,6,"110,000",201,1,개인,개인,2015,통일로18길 34,,중개거래,서울 종로구,24.09.30
439,서울특별시 종로구 숭인동,766,766,0,종로청계힐스테이트,84.9478,202407,6,"101,000",105,19,개인,개인,2009,숭인동길 21,,중개거래,"서울 서초구, 서울 종로구",24.10.04
440,서울특별시 종로구 사직동,9,9,0,광화문스페이스본(101동~105동),146.92,202407,5,"174,500",104,1,개인,개인,2008,사직로8길 4,,중개거래,서울 종로구,24.08.02
441,서울특별시 종로구 창신동,703,703,0,창신쌍용2,54.7,202407,5,"55,800",201,1,개인,개인,1993,낙산길 198,,중개거래,"부산 부산진구, 서울 종로구",24.09.20
442,서울특별시 종로구 숭인동,2-1,2,1,종로센트레빌,59.92,202407,3,"82,000",106,11,개인,개인,2008,동망산길 47,,중개거래,서울 종로구,24.09.25
443,서울특별시 종로구 홍파동,199,199,0,경희궁자이(2단지),84.9339,202407,3,"204,000",205,4,개인,개인,2017,송월길 99,,중개거래,서울 종로구,24.12.31
444,서울특별시 종로구 숭인동,766,766,0,종로청계힐스테이트,84.9478,202407,3,"98,000",105,4,개인,개인,2009,숭인동길 21,,중개거래,서울 종로구,24.10.28
445,서울특별시 종로구 숭인동,2-1,2,1,종로센트레빌,59.92,202407,3,"82,000",,11,개인,개인,2008,동망산길 47,20240709.0,중개거래,서울 종로구,
446,서울특별시 종로구 무악동,60,60,0,인왕산아이파크,84.858,202407,3,"118,500",101,3,개인,개인,2008,통일로18길 9,,중개거래,서울 종로구,24.07.26
447,서울특별시 종로구 창신동,703,703,0,창신쌍용2,79.87,202407,2,"71,000",207,15,개인,개인,1993,낙산길 198,,중개거래,서울 종로구,24.10.02
448,서울특별시 종로구 홍파동,199,199,0,경희궁자이(2단지),84.8359,202407,2,"220,000",212,10,개인,개인,2017,송월길 99,,중개거래,서울 종로구,24.07.16
449,서울특별시 종로구 창신동,703,703,0,창신쌍용2,79.87,202407,2,"71,000",,15,개인,개인,1993,낙산길 198,20240710.0,중개거래,서울 종로구,
450,서울특별시 종로구 명륜2가,4,4,0,아남1,84.9,202407,1,"115,000",제103,6,개인,개인,1995,창경궁로 265,,중개거래,서울 종로구,24.07.05
451,서울특별시 종로구 숭인동,204-11,204,11,숭인상가,80.85,202407,1,"57,000",,6,개인,개인,1979,청계천로 391,,중개거래,서울 중구,24.08.30
452,서울특별시 종로구 홍파동,199,199,0,경희궁자이(2단지),101.8976,202407,1,"254,000",212,6,개인,개인,2017,송월길 99,,중개거래,서울 종로구,24.11.08
453,서울특별시 종로구 사직동,9,9,0,광화문스페이스본(101동~105동),94.51,202407,1,"147,000",102,11,개인,개인,2008,사직로8길 4,,중개거래,서울 종로구,24.08.30
454,서울특별시 종로구 창신동,232,232,0,두산,59.95,202406,30,"80,000",103,3,개인,개인,1999,지봉로5길 7,,중개거래,서울 종로구,24.09.13
455,서울특별시 종로구 평동,233,233,0,경희궁자이(3단지),59.9425,202406,30,"175,000",308,6,개인,개인,2017,경교장길 35,,중개거래,서울 종로구,24.11.29
456,서울특별시 종로구 교북동,126,126,0,경희궁자이(4단지),37.2635,202406,29,"85,000",401,13,개인,개인,2017,송월길 155,,중개거래,서울 종로구,25.01.06
457,서울특별시 종로구 홍파동,199,199,0,경희궁자이(2단지),84.9443,202406,29,"208,000",202,13,개인,개인,2017,송월길 99,,중개거래,서울 종로구,24.07.30
458,서울특별시 종로구 홍파동,199,199,0,경희궁자이(2단지),59.8655,202406,29,"170,000",214,1,개인,개인,2017,송월길 99,,중개거래,"서울 용산구, 서울 종로구",24.12.31
459,서울특별시 종로구 창신동,703,703,0,창신쌍용2,106.62,202406,29,"86,000",205,8,개인,개인,1993,낙산길 198,,중개거래,서울 종로구,25.01.17
460,서울특별시 종로구 무악동,60,60,0,인왕산아이파크,59.993,202406,28,"105,000",116,5,개인,개인,2008,통일로18길 9,,중개거래,"서울 서대문구, 서울 종로구",24.09.30
461,서울특별시 종로구 내수동,73,73,0,경희궁의아침4단지,124.17,202406,28,"190,000",경희궁의 아침 4단지,7,개인,개인,2004,새문안로3길 23,,중개거래,서울 종로구,24.07.18
462,서울특별시 종로구 무악동,60,60,0,인왕산아이파크,84.858,202406,28,"135,000",113,5,개인,개인,2008,통일로18길 9,,중개거래,서울 종로구,24.11.29
463,서울특별시 종로구 평동,233,233,0,경희궁자이(3단지),84.8359,202406,27,"200,000",301,13,개인,개인,2017,경교장길 35,,중개거래,"서울 마포구, 서울 종로구",24.09.13
464,서울특별시 종로구 무악동,88,88,0,인왕산2차아이파크,84.4541,202406,27,"118,000",202,6,개인,개인,2015,통일로18길 34,,중개거래,"서울 강남구, 서울 종로구",24.09.10
465,서울특별시 종로구 홍파동,199,199,0,경희궁자이(2단지),77.9737,202406,26,"192,000",208,12,개인,개인,2017,송월길 99,,중개거래,서울 종로구,24.10.04
466,서울특별시 종로구 홍파동,199,199,0,경희궁자이(2단지),84.614,202406,26,"222,000",207,10,개인,개인,2017,송월길 99,,중개거래,서울 종로구,24.10.04
467,서울특별시 종로구 사직동,9,9,0,광화문스페이스본(101동~105동),151.81,202406,26,"198,000",104,13,개인,개인,2008,사직로8길 4,,중개거래,서울 종로구,25.01.03
468,서울특별시 종로구 숭인동,201-11,201,11,종로유케이201,12.01,202406,25,"9,000",1,8,개인,개인,2013,난계로29길 33-4,,중개거래,"서울 강북구, 서울 성북구",24.07.12
469,서울특별시 종로구 무악동,82,82,0,현대,60.0,202406,25,"88,970",103,16,개인,개인,2000,통일로 246-20,,중개거래,서울 종로구,24.11.20
470,서울특별시 종로구 명륜2가,4,4,0,아남1,84.9,202406,24,"117,000",제101,12,개인,개인,1995,창경궁로 265,,중개거래,서울 종로구,24.09.06
471,서울특별시 종로구 창신동,23-816,23,816,창신이수,120.84,202406,24,"102,500",101,3,개인,개인,2003,지봉로 87,,중개거래,서울 종로구,24.10.31
472,서울특별시 종로구 무악동,82,82,0,현대,60.0,202406,22,"89,400",103,6,개인,개인,2000,통일로 246-20,,중개거래,"서울 마포구, 서울 종로구",24.09.30
473,서울특별시 종로구 무악동,82,82,0,현대,84.92,202406,22,"119,900",108,16,개인,개인,2000,통일로 246-20,,중개거래,서울 종로구,24.08.22
474,서울특별시 종로구 평동,233,233,0,경희궁자이(3단지),84.8359,202406,22,"202,000",303,12,개인,개인,2017,경교장길 35,,중개거래,서울 종로구,24.09.27
475,서울특별시 종로구 창신동,703,703,0,창신쌍용2,79.87,202406,21,"70,000",207,6,개인,개인,1993,낙산길 198,,중개거래,서울 종로구,24.08.21
476,서울특별시 종로구 사직동,9-1,9,1,광화문스페이스본(106동),150.4,202406,21,"193,000",,4,개인,개인,2008,경희궁길 57,20241114.0,중개거래,서울 종로구,
477,서울특별시 종로구 명륜2가,237,237,0,명륜동주상복합아남아파트,47.43,202406,20,"70,000",301,5,개인,개인,1999,혜화로3길 5,,중개거래,서울 종로구,24.08.07
478,서울특별시 종로구 숭인동,766,766,0,종로청계힐스테이트,59.9426,202406,20,"81,000",102,10,개인,개인,2009,숭인동길 21,,중개거래,서울 종로구,24.09.06
479,서울특별시 종로구 창신동,601,601,0,MID그린(1동),59.55,202406,19,"44,300",101,5,개인,개인,2002,창신길 140-21,,중개거래,서울 종로구,24.08.23
480,서울특별시 종로구 사직동,9,9,0,광화문스페이스본(101동~105동),151.81,202406,19,"205,000",,14,개인,개인,2008,사직로8길 4,20250627.0,중개거래,서울 종로구,
481,서울특별시 종로구 홍파동,199,199,0,경희궁자이(2단지),84.614,202406,18,"200,000",211,1,개인,개인,2017,송월길 99,,중개거래,서울 종로구,24.08.30
482,서울특별시 종로구 연건동,195-10,195,10,이화에수풀,16.98,202406,18,"18,000",이화에수풀,6,법인,개인,2014,대학로 47,,중개거래,서울 종로구,25.02.18
483,서울특별시 종로구 평동,233,233,0,경희궁자이(3단지),59.8547,202406,18,"147,000",301,3,개인,개인,2017,경교장길 35,,직거래,,24.09.26
484,서울특별시 종로구 평동,233,233,0,경희궁자이(3단지),59.8547,202406,18,"147,000",,3,개인,개인,2017,경교장길 35,20240806.0,직거래,,
485,서울특별시 종로구 숭인동,318-2,318,2,삼전솔하임4차,15.09,202406,17,"12,500",삼전솔하임4차,14,개인,개인,2014,지봉로4길 13,,중개거래,서울 종로구,24.07.19
486,서울특별시 종로구 사직동,9,9,0,광화문스페이스본(101동~105동),121.37,202406,17,"174,000",105,11,개인,개인,2008,사직로8길 4,,중개거래,"서울 종로구, 인천 연수구",24.10.14
487,서울특별시 종로구 홍파동,199,199,0,경희궁자이(2단지),84.614,202406,17,"209,700",209,3,개인,개인,2017,송월길 99,,중개거래,서울 종로구,24.09.30
488,서울특별시 종로구 무악동,88,88,0,인왕산2차아이파크,84.0283,202406,17,"122,000",202,14,개인,개인,2015,통일로18길 34,,중개거래,서울 종로구,24.08.30
489,서울특별시 종로구 무악동,82,82,0,현대,60.0,202406,17,"86,700",101,9,개인,개인,2000,통일로 246-20,,중개거래,서울 종로구,24.08.23
490,서울특별시 종로구 무악동,82,82,0,현대,60.0,202406,16,"81,970",101,13,개인,개인,2000,통일로 246-20,,중개거래,서울 종로구,24.07.01
491,서울특별시 종로구 사직동,9,9,0,광화문스페이스본(101동~105동),121.37,202406,15,"168,000",105,2,개인,개인,2008,사직로8길 4,,직거래,,24.08.30
492,서울특별시 종로구 무악동,60,60,0,인왕산아이파크,84.858,202406,14,"108,000",110,1,개인,개인,2008,통일로18길 9,,중개거래,서울 종로구,24.09.30
493,서울특별시 종로구 숭인동,202-3,202,3,종로중흥S클래스,19.466,202406,14,"13,000",,15,개인,개인,2013,종로66길 28,,중개거래,서울 종로구,24.06.25
494,서울특별시 종로구 무악동,82,82,0,현대,114.9,202406,14,"124,900",103,13,개인,개인,2000,통일로 246-20,,중개거래,서울 종로구,24.09.24
495,서울특별시 종로구 연건동,195-10,195,10,이화에수풀,16.98,202406,14,"18,000",이화에수풀,8,법인,개인,2014,대학로 47,,중개거래,서울 성북구,24.11.05
496,서울특별시 종로구 숭인동,202-3,202,3,종로중흥S클래스,19.466,202406,14,"13,000",,15,개인,개인,2013,종로66길 28,20240619.0,중개거래,서울 종로구,
497,서울특별시 종로구 무악동,82,82,0,현대,84.92,202406,13,"115,990",107,11,개인,개인,2000,통일로 246-20,,중개거래,서울 종로구,24.09.06
498,서울특별시 종로구 익선동,55,55,0,현대뜨레비앙,48.54,202406,13,"41,000",현대뜨레비앙,3,개인,법인,2003,돈화문로11가길 59,,중개거래,서울 종로구,24.07.31
499,서울특별시 종로구 홍파동,199,199,0,경희궁자이(2단지),59.8547,202406,13,"168,000",205,7,개인,개인,2017,송월길 99,,중개거래,서울 종로구,24.08.16
500,서울특별시 종로구 평동,233,233,0,경희궁자이(3단지),84.8359,202406,13,"194,500",304,3,개인,개인,2017,경교장길 35,,중개거래,서울 종로구,24.10.21
501,서울특별시 종로구 교북동,126,126,0,경희궁자이(4단지),37.2635,202406,12,"84,500",401,13,개인,개인,2017,송월길 155,,중개거래,서울 종로구,24.09.27
502,서울특별시 종로구 평동,233,233,0,경희궁자이(3단지),84.8359,202406,12,"194,000",303,19,개인,개인,2017,경교장길 35,,중개거래,서울 종로구,24.07.02
503,서울특별시 종로구 숭인동,1419-2,1419,2,에비뉴청계Ⅰ,16.01,202406,11,"16,900",.,12,개인,법인,2023,종로66길 35,,직거래,,24.06.27
504,서울특별시 종로구 홍파동,199,199,0,경희궁자이(2단지),84.8359,202406,10,"165,000",201,12,개인,개인,2017,송월길 99,,직거래,,24.06.27
505,서울특별시 종로구 평동,233,233,0,경희궁자이(3단지),59.7547,202406,8,"159,000",306,2,개인,개인,2017,경교장길 35,,중개거래,서울 종로구,24.07.17
506,서울특별시 종로구 무악동,82,82,0,현대,114.9,202406,8,"128,900",109,5,개인,개인,2000,통일로 246-20,,중개거래,서울 종로구,24.11.18
507,서울특별시 종로구 창신동,703,703,0,창신쌍용2,79.87,202406,8,"67,500",207,15,개인,개인,1993,낙산길 198,,중개거래,서울 종로구,24.09.10
508,서울특별시 종로구 익선동,55,55,0,현대뜨레비앙,43.98,202406,7,"38,000",현대뜨레비앙,8,개인,개인,2003,돈화문로11가길 59,,중개거래,서울 종로구,24.07.05
509,서울특별시 종로구 명륜2가,4,4,0,아남1,84.9,202406,7,"105,000",제101,10,개인,개인,1995,창경궁로 265,,중개거래,서울 종로구,24.09.05
510,서울특별시 종로구 내수동,72,72,0,경희궁의아침3단지,150.48,202406,6,"216,000",경희궁의 아침 3단지,5,개인,개인,2004,사직로8길 34,,중개거래,서울 종로구,24.07.22
511,서울특별시 종로구 창신동,23-326,23,326,그린,45.27,202406,4,"23,000",,3,개인,개인,2002,낙산5길 22,,직거래,,24.06.12
512,서울특별시 종로구 구기동,125-5,125,5,마운틴뷰,74.82,202406,3,"59,000",,5,개인,법인,2019,비봉길 7,20240801.0,중개거래,서울 종로구,
513,서울특별시 종로구 구기동,125-5,125,5,마운틴뷰,74.82,202406,3,"59,000",,5,개인,법인,2019,비봉길 7,,중개거래,서울 종로구,24.08.05
514,서울특별시 종로구 홍파동,199,199,0,경희궁자이(2단지),84.614,202406,2,"222,500",207,12,개인,개인,2017,송월길 99,,중개거래,"서울 서대문구, 서울 종로구",24.07.03
515,서울특별시 종로구 숭인동,2-1,2,1,종로센트레빌,59.92,202406,1,"85,000",101,7,개인,개인,2008,동망산길 47,,중개거래,서울 종로구,24.08.30
516,서울특별시 종로구 창신동,703,703,0,창신쌍용2,64.66,202406,1,"58,500",203,4,개인,개인,1993,낙산길 198,,중개거래,서울 종로구,24.07.25
517,서울특별시 종로구 무악동,60,60,0,인왕산아이파크,84.858,202406,1,"118,000",103,1,개인,개인,2008,통일로18길 9,,중개거래,서울 종로구,24.09.23
518,서울특별시 종로구 창신동,703,703,0,창신쌍용2,106.62,202405,31,"81,000",205,7,개인,개인,1993,낙산길 198,,중개거래,서울 종로구,24.08.14
519,서울특별시 종로구 무악동,60,60,0,인왕산아이파크,84.858,202405,31,"128,000",101,6,개인,개인,2008,통일로18길 9,,중개거래,서울 종로구,24.09.02
520,서울특별시 종로구 홍파동,199,199,0,경희궁자이(2단지),84.9443,202405,30,"215,000",201,20,개인,개인,2017,송월길 99,,중개거래,서울 종로구,24.08.01
521,서울특별시 종로구 평동,233,233,0,경희궁자이(3단지),84.9443,202405,30,"200,000",301,11,개인,개인,2017,경교장길 35,,중개거래,서울 종로구,24.10.15
522,서울특별시 종로구 창신동,703,703,0,창신쌍용2,64.66,202405,28,"60,000",202,3,개인,개인,1993,낙산길 198,,중개거래,서울 동대문구,24.08.14
523,서울특별시 종로구 창신동,703,703,0,창신쌍용2,79.87,202405,28,"68,000",207,6,개인,개인,1993,낙산길 198,,중개거래,서울 동대문구,24.08.14
524,서울특별시 종로구 숭인동,1419-2,1419,2,에비뉴청계Ⅰ,24.52,202405,27,"33,280",.,12,개인,법인,2023,종로66길 35,,직거래,,24.06.24
525,서울특별시 종로구 평동,233,233,0,경희궁자이(3단지),84.614,202405,27,"195,000",302,5,개인,개인,2017,경교장길 35,,중개거래,서울 종로구,24.08.30
526,서울특별시 종로구 내수동,95,95,0,경희궁파크팰리스,147.62,202405,27,"217,000",102,16,개인,개인,2003,사직로8길 20,,중개거래,서울 종로구,24.07.26
527,서울특별시 종로구 교북동,126,126,0,경희궁자이(4단지),45.879,202405,26,"108,000",402,19,개인,개인,2017,송월길 155,,중개거래,서울 종로구,24.07.08
528,서울특별시 종로구 평동,233,233,0,경희궁자이(3단지),59.4712,202405,26,"150,000",308,2,개인,개인,2017,경교장길 35,,중개거래,서울 종로구,24.07.04
529,서울특별시 종로구 무악동,60,60,0,인왕산아이파크,84.858,202405,25,"129,000",111,13,개인,개인,2008,통일로18길 9,,중개거래,서울 종로구,24.10.17
530,서울특별시 종로구 숭인동,766,766,0,종로청계힐스테이트,84.9478,202405,25,"102,000",105,18,개인,개인,2009,숭인동길 21,,중개거래,서울 종로구,24.09.10
531,서울특별시 종로구 홍파동,199,199,0,경희궁자이(2단지),84.614,202405,25,"200,000",207,6,개인,개인,2017,송월길 99,,중개거래,서울 종로구,24.07.12
532,서울특별시 종로구 창신동,703,703,0,창신쌍용2,54.7,202405,25,"53,000",201,1,개인,개인,1993,낙산길 198,,중개거래,서울 종로구,24.06.03
533,서울특별시 종로구 내수동,167,167,0,세종로대우,66.96,202405,25,"83,200",,14,개인,개인,1994,새문안로3길 30,,중개거래,서울 종로구,24.09.02
534,서울특별시 종로구 내수동,95,95,0,경희궁파크팰리스,117.26,202405,24,"130,811",102,4,개인,법인,2003,사직로8길 20,,직거래,,24.05.30
535,서울특별시 종로구 연건동,195-10,195,10,이화에수풀,16.98,202405,24,"18,000",,4,법인,개인,2014,대학로 47,20240626.0,중개거래,서울 종로구,
536,서울특별시 종로구 연건동,195-10,195,10,이화에수풀,16.98,202405,24,"18,000",이화에수풀,4,법인,개인,2014,대학로 47,,중개거래,서울 종로구,24.06.26
537,서울특별시 종로구 홍파동,199,199,0,경희궁자이(2단지),84.8359,202405,24,"198,000",202,8,개인,개인,2017,송월길 99,,중개거래,"서울 서대문구, 서울 종로구",24.09.30
538,서울특별시 종로구 홍파동,199,199,0,경희궁자이(2단지),84.614,202405,24,"199,500",209,6,개인,개인,2017,송월길 99,,중개거래,서울 종로구,24.08.26
539,서울특별시 종로구 홍파동,199,199,0,경희궁자이(2단지),138.6533,202405,23,"315,000",207,2,개인,개인,2017,송월길 99,,중개거래,서울 마포구,24.05.31
540,서울특별시 종로구 숭인동,1419-2,1419,2,에비뉴청계Ⅰ,18.41,202405,23,"23,400",.,11,개인,법인,2023,종로66길 35,,직거래,,24.06.19
541,서울특별시 종로구 숭인동,296-19,296,19,삼전솔하임2차,14.69,202405,22,"10,700",1,10,개인,개인,2012,종로58가길 27,,중개거래,서울 종로구,24.05.22
542,서울특별시 종로구 수송동,85,85,0,로얄팰리스스위트,40.07,202405,21,"35,000",로얄팰리스스위트,14,개인,법인,2005,율곡로2길 7,,중개거래,서울 종로구,24.05.24
543,서울특별시 종로구 무악동,89,89,0,경희궁롯데캐슬,59.6737,202405,21,"130,000",102동,10,개인,개인,2019,통일로 230,,중개거래,"서울 용산구, 서울 종로구",24.08.02
544,서울특별시 종로구 홍파동,199,199,0,경희궁자이(2단지),84.8359,202405,20,"170,000",,12,개인,개인,2017,송월길 99,20240524.0,중개거래,경기 수원시장안구,
545,서울특별시 종로구 홍파동,199,199,0,경희궁자이(2단지),84.8359,202405,20,"205,000",208,14,개인,개인,2017,송월길 99,,중개거래,서울 종로구,24.08.16
546,서울특별시 종로구 홍파동,199,199,0,경희궁자이(2단지),84.8359,202405,20,"195,000",202,14,개인,개인,2017,송월길 99,,중개거래,서울 종로구,24.07.11
547,서울특별시 종로구 창신동,232,232,0,두산,84.9,202405,20,"109,500",102,5,개인,개인,1999,지봉로5길 7,,중개거래,서울 종로구,24.09.06
548,서울특별시 종로구 홍파동,199,199,0,경희궁자이(2단지),59.8547,202405,19,"162,000",204,7,개인,개인,2017,송월길 99,,중개거래,서울 종로구,25.08.01
549,서울특별시 종로구 홍파동,199,199,0,경희궁자이(2단지),84.614,202405,19,"218,000",207,14,개인,개인,2017,송월길 99,,중개거래,서울 종로구,24.08.22
550,서울특별시 종로구 무악동,82,82,0,현대,60.0,202405,18,"91,990",112,8,개인,개인,2000,통일로 246-9,,중개거래,서울 종로구,24.08.01
551,서울특별시 종로구 창신동,232,232,0,두산,59.95,202405,18,"90,000",101,11,개인,개인,1999,지봉로5길 7,,중개거래,서울 종로구,24.09.06
552,서울특별시 종로구 익선동,55,55,0,현대뜨레비앙,46.64,202405,16,"39,000",현대뜨레비앙,3,개인,개인,2003,돈화문로11가길 59,,중개거래,서울 종로구,24.05.28
553,서울특별시 종로구 연건동,195-10,195,10,이화에수풀,16.98,202405,16,"18,500",이화에수풀,10,개인,개인,2014,대학로 47,,중개거래,서울 종로구,24.06.03
554,서울특별시 종로구 숭인동,766,766,0,종로청계힐스테이트,84.9478,202405,14,"105,000",,18,개인,개인,2009,숭인동길 21,20240514.0,중개거래,서울 종로구,
555,서울특별시 종로구 창신동,639-50,639,50,덕산,59.28,202405,14,"34,100",,2,개인,개인,1999,창신9길 14,,직거래,,24.05.20
556,서울특별시 종로구 창신동,703,703,0,창신쌍용2,54.7,202405,14,"55,000",201,3,개인,개인,1993,낙산길 198,,중개거래,전남광주 광산구,24.06.21
557,서울특별시 종로구 홍파동,199,199,0,경희궁자이(2단지),84.8359,202405,14,"198,000",201,17,개인,개인,2017,송월길 99,,중개거래,서울 종로구,24.09.03
558,서울특별시 종로구 홍파동,199,199,0,경희궁자이(2단지),84.614,202405,14,"198,000",209,9,개인,개인,2017,송월길 99,,중개거래,서울 종로구,24.09.30
559,서울특별시 종로구 창신동,703,703,0,창신쌍용2,64.66,202405,13,"58,000",202,3,개인,개인,1993,낙산길 198,,중개거래,"서울 성북구, 서울 종로구",24.07.01
560,서울특별시 종로구 교북동,126,126,0,경희궁자이(4단지),45.879,202405,13,"107,000",401,16,개인,개인,2017,송월길 155,,중개거래,"서울 서대문구, 서울 종로구",24.10.18
561,서울특별시 종로구 창신동,703,703,0,창신쌍용2,106.62,202405,13,"80,500",205,8,개인,개인,1993,낙산길 198,,중개거래,서울 종로구,24.07.01
562,서울특별시 종로구 무악동,60,60,0,인왕산아이파크,114.931,202405,11,"158,500",105,10,개인,개인,2008,통일로18길 9,,중개거래,서울 종로구,24.07.17
563,서울특별시 종로구 숭인동,766,766,0,종로청계힐스테이트,84.9478,202405,11,"100,600",105,7,개인,개인,2009,숭인동길 21,,중개거래,서울 종로구,24.07.12
564,서울특별시 종로구 평동,233,233,0,경희궁자이(3단지),59.8547,202405,11,"158,000",301,17,개인,개인,2017,경교장길 35,,중개거래,서울 종로구,24.06.07
565,서울특별시 종로구 창신동,703,703,0,창신쌍용2,64.66,202405,10,"60,000",203,9,개인,개인,1993,낙산길 198,,중개거래,서울 종로구,24.07.11
566,서울특별시 종로구 내수동,95,95,0,경희궁파크팰리스,103.77,202405,10,"148,000",101,14,개인,개인,2003,사직로8길 20,,중개거래,서울 종로구,24.07.15
567,서울특별시 종로구 무악동,89,89,0,경희궁롯데캐슬,84.8792,202405,9,"140,000",103동,2,개인,개인,2019,통일로 230,,중개거래,서울 종로구,24.07.11
568,서울특별시 종로구 창신동,703,703,0,창신쌍용2,54.7,202405,8,"57,000",201,6,개인,개인,1993,낙산길 198,,중개거래,서울 종로구,24.07.26
569,서울특별시 종로구 명륜1가,19,19,0,렉스빌,135.79,202405,8,"120,000",,4,개인,개인,2006,혜화로3가길 30,,중개거래,서울 종로구,24.07.26
570,서울특별시 종로구 사직동,9,9,0,광화문스페이스본(101동~105동),94.51,202405,7,"138,000",101,3,개인,개인,2008,사직로8길 4,,중개거래,서울 종로구,24.06.28
571,서울특별시 종로구 평동,233,233,0,경희궁자이(3단지),59.9425,202405,7,"155,000",308,2,개인,개인,2017,경교장길 35,,중개거래,서울 종로구,24.08.05
572,서울특별시 종로구 명륜2가,4,4,0,아남1,84.9,202405,7,"118,000",제103,15,개인,개인,1995,창경궁로 265,,중개거래,"서울 강남구, 서울 종로구",24.08.08
573,서울특별시 종로구 홍파동,199,199,0,경희궁자이(2단지),59.8547,202405,7,"164,000",204,18,개인,개인,2017,송월길 99,,중개거래,서울 종로구,24.05.20
1,서울특별시 종로구 홍파동,199,199,0,경희궁자이(2단지),101.9914,202506,27,"278,000",213,2,개인,개인,2017,송월길 99,,중개거래,서울 종로구,25.08.21
2,서울특별시 종로구 무악동,60,60,0,인왕산아이파크,84.858,202506,27,"128,000",109,6,개인,개인,2008,통일로18길 9,,중개거래,서울 종로구,25.10.29
3,서울특별시 종로구 사직동,9,9,0,광화문스페이스본(101동~105동),146.92,202506,27,"198,000",103,7,개인,개인,2008,사직로8길 4,,중개거래,서울 종로구,25.10.28
4,서울특별시 종로구 사직동,9,9,0,광화문스페이스본(101동~105동),151.81,202506,27,"210,000",104,14,개인,개인,2008,사직로8길 4,,중개거래,서울 종로구,25.08.25
5,서울특별시 종로구 사직동,9,9,0,광화문스페이스본(101동~105동),146.92,202506,27,"198,000",,7,개인,개인,2008,사직로8길 4,20250704.0,중개거래,서울 종로구,
6,서울특별시 종로구 내수동,72,72,0,경희궁의아침3단지,123.13,202506,27,"204,000",경희궁의 아침 3단지,9,개인,개인,2004,사직로8길 34,,중개거래,"서울 강남구, 서울 종로구",25.09.22
7,서울특별시 종로구 교북동,101,101,0,동아,84.28,202506,27,"82,300",,5,개인,개인,1995,송월길 147,20250912.0,중개거래,서울 종로구,
8,서울특별시 종로구 평동,233,233,0,경희궁자이(3단지),84.8359,202506,27,"245,000",301,13,개인,개인,2017,경교장길 35,,중개거래,서울 종로구,25.10.24
9,서울특별시 종로구 당주동,100,100,0,세종,91.46,202506,26,"88,000",,10,개인,개인,1983,세종대로23길 54,,중개거래,서울 종로구,25.09.04
10,서울특별시 종로구 숭인동,2-1,2,1,종로센트레빌,84.92,202506,26,"109,000",104,5,개인,개인,2008,동망산길 47,,중개거래,서울 종로구,25.09.30
11,서울특별시 종로구 숭인동,76,76,0,롯데캐슬천지인,84.95,202506,26,"112,000",롯데캐슬 천지인(천),15,개인,개인,2004,종로 347,,중개거래,서울 종로구,25.11.10
12,서울특별시 종로구 명륜2가,4,4,0,아남1,84.8,202506,26,"107,500",제101,10,개인,개인,1995,창경궁로 265,,중개거래,서울 종로구,25.10.01
13,서울특별시 종로구 연건동,195-10,195,10,이화에수풀,19.86,202506,26,"24,000",이화에수풀,13,개인,개인,2014,대학로 47,,중개거래,서울 종로구,25.07.11
14,서울특별시 종로구 평창동,179-5,179,5,밀레니엄,102.96,202506,26,"62,500",1,4,개인,개인,2017,평창12길 14-4,,중개거래,서울 종로구,25.12.26
15,서울특별시 종로구 창신동,702,702,0,창신쌍용1,54.7,202506,25,"65,000",101,8,개인,개인,1992,동망산길 19,,중개거래,서울 종로구,25.09.30
16,서울특별시 종로구 무악동,60,60,0,인왕산아이파크,84.858,202506,25,"140,000",102,10,개인,개인,2008,통일로18길 9,,중개거래,"서울 서대문구, 서울 종로구",25.07.30
17,서울특별시 종로구 숭인동,2-1,2,1,종로센트레빌,59.92,202506,24,"89,000",106,7,개인,개인,2008,동망산길 47,,중개거래,서울 종로구,25.09.30
18,서울특별시 종로구 교북동,126,126,0,경희궁자이(4단지),45.879,202506,24,"119,000",402,7,개인,개인,2017,송월길 155,,중개거래,서울 종로구,25.11.24
19,서울특별시 종로구 무악동,60,60,0,인왕산아이파크,114.931,202506,24,"145,000",106,4,개인,개인,2008,통일로18길 9,,중개거래,서울 종로구,25.10.22
20,서울특별시 종로구 평동,233,233,0,경희궁자이(3단지),84.8359,202506,23,"255,000",302,6,개인,개인,2017,경교장길 35,,중개거래,서울 종로구,25.11.27
21,서울특별시 종로구 무악동,60,60,0,인왕산아이파크,84.858,202506,23,"138,000",108,10,개인,개인,2008,통일로18길 9,,중개거래,"서울 서대문구, 서울 종로구",25.09.12
22,서울특별시 종로구 무악동,60,60,0,인왕산아이파크,114.931,202506,23,"154,500",,7,개인,개인,2008,통일로18길 9,20250912.0,중개거래,서울 종로구,
23,서울특별시 종로구 무악동,60,60,0,인왕산아이파크,114.931,202506,23,"154,500",105,7,개인,개인,2008,통일로18길 9,,중개거래,서울 종로구,25.09.30
24,서울특별시 종로구 창신동,232,232,0,두산,84.9,202506,23,"106,500",103,20,개인,개인,1999,지봉로5길 7,,중개거래,서울 종로구,25.08.19
25,서울특별시 종로구 무악동,82,82,0,현대,84.92,202506,22,"129,960",,7,개인,개인,2000,통일로 246-20,20250910.0,중개거래,서울 종로구,
26,서울특별시 종로구 무악동,82,82,0,현대,84.92,202506,22,"129,960",105,7,개인,개인,2000,통일로 246-20,,중개거래,서울 종로구,25.11.17
27,서울특별시 종로구 창신동,703,703,0,창신쌍용2,79.87,202506,21,"70,000",207,12,개인,개인,1993,낙산길 198,,중개거래,서울 종로구,25.08.22
28,서울특별시 종로구 연건동,195-10,195,10,이화에수풀,16.98,202506,21,"18,000",이화에수풀,9,개인,개인,2014,대학로 47,,중개거래,서울 종로구,25.07.07
29,서울특별시 종로구 사직동,9,9,0,광화문스페이스본(101동~105동),108.07,202506,21,"170,000",,4,개인,개인,2008,사직로8길 4,20250731.0,중개거래,서울 종로구,
30,서울특별시 종로구 평창동,145-5,145,5,일성빌라트,84.99,202506,21,"70,000",가,2,개인,개인,1996,평창문화로 119,,중개거래,서울 종로구,25.08.18
31,서울특별시 종로구 무악동,60,60,0,인왕산아이파크,114.931,202506,21,"151,900",106,12,개인,개인,2008,통일로18길 9,,중개거래,서울 종로구,25.11.14
32,서울특별시 종로구 무악동,60,60,0,인왕산아이파크,114.931,202506,21,"143,000",107,3,개인,개인,2008,통일로18길 9,,중개거래,서울 종로구,25.09.30
33,서울특별시 종로구 교북동,126,126,0,경희궁자이(4단지),37.2635,202506,21,"89,900",402,18,개인,개인,2017,송월길 155,,중개거래,서울 종로구,25.08.27
34,서울특별시 종로구 교북동,126,126,0,경희궁자이(4단지),37.2635,202506,21,"84,000",403,6,개인,개인,2017,송월길 155,,중개거래,서울 종로구,25.08.22
35,서울특별시 종로구 숭인동,202-3,202,3,종로중흥S클래스,17.811,202506,20,"12,000",,7,개인,개인,2013,종로66길 28,,중개거래,서울 종로구,25.09.16
36,서울특별시 종로구 평창동,72,72,0,롯데낙천대,110.53,202506,20,"117,000",103,2,개인,개인,2001,평창문화로 140,,중개거래,서울 종로구,25.07.22
37,서울특별시 종로구 평창동,596,596,0,삼성,84.93,202506,19,"79,000",102,9,개인,개인,1998,평창문화로 172,,중개거래,서울 종로구,25.08.08
38,서울특별시 종로구 연지동,163-3,163,3,아르젠종로,14.21,202506,19,"15,500",,12,개인,법인,2015,종로31길 54,,중개거래,서울 종로구,25.08.08
39,서울특별시 종로구 동숭동,4-161,4,161,동성아파트(1동),49.56,202506,19,"34,600",1,3,개인,개인,1999,동숭4라길 29,,중개거래,서울 종로구,25.09.17
40,서울특별시 종로구 창신동,328-17,328,17,동대문,28.8,202506,19,"37,000",,5,개인,개인,1966,지봉로 25,,중개거래,서울 종로구,25.07.31
41,서울특별시 종로구 숭인동,76,76,0,롯데캐슬천지인,111.73,202506,19,"115,000",롯데캐슬 천지인(천),22,개인,개인,2004,종로 347,,중개거래,서울 종로구,25.08.19
42,서울특별시 종로구 평동,233,233,0,경희궁자이(3단지),59.7547,202506,18,"198,000",306,4,개인,개인,2017,경교장길 35,,중개거래,서울 종로구,25.08.19
43,서울특별시 종로구 창신동,703,703,0,창신쌍용2,79.87,202506,18,"67,250",204,14,개인,개인,1993,낙산길 198,,중개거래,서울 종로구,25.08.22
44,서울특별시 종로구 숭인동,76,76,0,롯데캐슬천지인,112.54,202506,17,"119,000",롯데캐슬 천지인(인),19,개인,개인,2004,종로 347,,중개거래,서울 종로구,25.09.12
45,서울특별시 종로구 무악동,89,89,0,경희궁롯데캐슬,84.8792,202506,17,"170,000",104동,11,개인,개인,2019,통일로 230,,중개거래,서울 서대문구,25.08.21
46,서울특별시 종로구 무악동,60,60,0,인왕산아이파크,114.931,202506,17,"148,500",107,13,개인,개인,2008,통일로18길 9,,중개거래,서울 종로구,25.09.30
47,서울특별시 종로구 사직동,9,9,0,광화문스페이스본(101동~105동),94.51,202506,17,"160,000",102,5,개인,개인,2008,사직로8길 4,,중개거래,서울 종로구,25.08.29
48,서울특별시 종로구 익선동,55,55,0,현대뜨레비앙,48.54,202506,17,"49,800",현대뜨레비앙,6,개인,개인,2003,돈화문로11가길 59,,중개거래,서울 종로구,25.07.14
49,서울특별시 종로구 창신동,703,703,0,창신쌍용2,64.66,202506,17,"63,500",203,8,개인,개인,1993,낙산길 198,,중개거래,서울 종로구,25.07.11
50,서울특별시 종로구 숭인동,2-1,2,1,종로센트레빌,114.67,202506,17,"129,000",103,8,개인,개인,2008,동망산길 47,,중개거래,"서울 성북구, 서울 종로구",25.08.25
51,서울특별시 종로구 평동,233,233,0,경희궁자이(3단지),84.614,202506,16,"221,000",,12,개인,개인,2017,경교장길 35,20250714.0,중개거래,서울 종로구,
52,서울특별시 종로구 평동,233,233,0,경희궁자이(3단지),84.614,202506,16,"221,000",303,12,개인,개인,2017,경교장길 35,,중개거래,서울 종로구,25.09.25
53,서울특별시 종로구 교북동,126,126,0,경희궁자이(4단지),45.879,202506,16,"121,500",402,17,개인,개인,2017,송월길 155,,중개거래,서울 종로구,25.08.27
54,서울특별시 종로구 숭인동,204-11,204,11,숭인상가,80.85,202506,16,"61,000",,5,개인,개인,1979,청계천로 391,,중개거래,서울 중구,25.09.05
55,서울특별시 종로구 창신동,703,703,0,창신쌍용2,115.53,202506,15,"79,000",,7,개인,개인,1993,낙산길 198,20250715.0,직거래,,
56,서울특별시 종로구 신영동,105-22,105,22,구암하이빌,84.94,202506,14,"47,000",,3,개인,개인,2002,세검정로6다길 11-1,,중개거래,서울 종로구,25.07.11
57,서울특별시 종로구 창신동,232,232,0,두산,59.95,202506,14,"83,500",103,21,개인,개인,1999,지봉로5길 7,,중개거래,서울 종로구,25.08.28
58,서울특별시 종로구 평동,233,233,0,경희궁자이(3단지),84.8359,202506,14,"248,000",301,18,개인,개인,2017,경교장길 35,,중개거래,서울 종로구,25.09.12
59,서울특별시 종로구 평동,233,233,0,경희궁자이(3단지),84.9443,202506,14,"239,000",303,11,개인,개인,2017,경교장길 35,,중개거래,서울 종로구,25.09.19
60,서울특별시 종로구 평동,233,233,0,경희궁자이(3단지),84.8359,202506,14,"248,000",,18,개인,개인,2017,경교장길 35,20250623.0,중개거래,서울 종로구,
61,서울특별시 종로구 홍파동,199,199,0,경희궁자이(2단지),84.8359,202506,14,"245,000",205,9,개인,개인,2017,송월길 99,,중개거래,서울 종로구,25.09.26
62,서울특별시 종로구 홍파동,199,199,0,경희궁자이(2단지),101.9914,202506,14,"283,000",206,16,개인,법인,2017,송월길 99,,중개거래,서울 종로구,25.10.31
63,서울특별시 종로구 평창동,596,596,0,삼성,84.93,202506,14,"86,000",,10,개인,개인,1998,평창문화로 172,20250819.0,중개거래,서울 종로구,
64,서울특별시 종로구 무악동,60,60,0,인왕산아이파크,84.858,202506,14,"132,500",108,13,개인,개인,2008,통일로18길 9,,중개거래,서울 종로구,25.10.01
65,서울특별시 종로구 홍파동,199,199,0,경희궁자이(2단지),84.614,202506,13,"252,000",211,9,개인,개인,2017,송월길 99,,중개거래,서울 종로구,25.09.12
66,서울특별시 종로구 무악동,60,60,0,인왕산아이파크,84.858,202506,12,"129,000",102,10,개인,개인,2008,통일로18길 9,,중개거래,서울 종로구,25.08.01
67,서울특별시 종로구 창신동,232,232,0,두산,59.95,202506,12,"83,700",103,15,개인,개인,1999,지봉로5길 7,,중개거래,서울 종로구,25.09.12
68,서울특별시 종로구 부암동,235-2,235,2,별빛고운,100.69,202506,12,"69,000",,3,개인,개인,2006,창의문로10길 29,20250714.0,중개거래,서울 종로구,
69,서울특별시 종로구 부암동,235-2,235,2,별빛고운,100.69,202506,12,"69,000",,3,개인,개인,2006,창의문로10길 29,,중개거래,서울 종로구,25.09.01
70,서울특별시 종로구 무악동,60,60,0,인왕산아이파크,84.858,202506,11,"129,000",101,2,개인,개인,2008,통일로18길 9,,중개거래,"서울 서대문구, 서울 종로구",25.09.22
71,서울특별시 종로구 창신동,703,703,0,창신쌍용2,64.66,202506,11,"63,900",203,10,개인,개인,1993,낙산길 198,,중개거래,서울 종로구,25.09.24
72,서울특별시 종로구 무악동,89,89,0,경희궁롯데캐슬,84.8792,202506,11,"171,000",103동,16,개인,개인,2019,통일로 230,,중개거래,서울 종로구,25.08.12
73,서울특별시 종로구 무악동,88,88,0,인왕산2차아이파크,84.068,202506,10,"122,000",202,13,개인,개인,2015,통일로18길 34,,중개거래,서울 종로구,25.08.26
74,서울특별시 종로구 무악동,60,60,0,인왕산아이파크,84.858,202506,10,"138,500",103,14,개인,개인,2008,통일로18길 9,,중개거래,"서울 마포구, 서울 종로구",25.12.19
75,서울특별시 종로구 숭인동,1421-1,1421,1,종로동광모닝스카이,15.855,202506,10,"10,500",,15,개인,개인,2013,난계로29가길 24,,중개거래,서울 종로구,25.06.24
76,서울특별시 종로구 무악동,60,60,0,인왕산아이파크,84.858,202506,10,"138,000",112,17,개인,개인,2008,통일로18길 9,,중개거래,서울 종로구,25.08.29
77,서울특별시 종로구 사직동,9,9,0,광화문스페이스본(101동~105동),86.85,202506,10,"149,000",105,14,개인,개인,2008,사직로8길 4,,중개거래,서울 종로구,25.09.24
78,서울특별시 종로구 무악동,82,82,0,현대,84.92,202506,9,"128,990",111,8,개인,개인,2000,통일로 246-20,,중개거래,서울 종로구,25.10.01
79,서울특별시 종로구 홍파동,199,199,0,경희궁자이(2단지),84.9443,202506,9,"250,300",209,3,개인,개인,2017,송월길 99,,중개거래,서울 종로구,26.04.17
80,서울특별시 종로구 무악동,60,60,0,인왕산아이파크,84.858,202506,8,"137,000",117,5,개인,개인,2008,통일로16길 8-3,,중개거래,"서울 서대문구, 서울 종로구",25.10.30
81,서울특별시 종로구 사직동,9,9,0,광화문스페이스본(101동~105동),97.61,202506,7,"150,000",105,5,개인,개인,2008,사직로8길 4,,중개거래,서울 종로구,25.09.01
82,서울특별시 종로구 홍파동,199,199,0,경희궁자이(2단지),84.8359,202506,7,"250,000",206,9,개인,개인,2017,송월길 99,,중개거래,"서울 서대문구, 서울 종로구",25.08.01
83,서울특별시 종로구 무악동,82,82,0,현대,84.92,202506,6,"130,900",111,6,개인,개인,2000,통일로 246-20,,중개거래,"서울 서대문구, 서울 종로구",25.08.28
84,서울특별시 종로구 창신동,702,702,0,창신쌍용1,79.87,202506,6,"72,800",102,13,개인,개인,1992,동망산길 19,,중개거래,서울 종로구,25.09.22
85,서울특별시 종로구 창신동,703,703,0,창신쌍용2,64.66,202506,6,"61,000",202,10,개인,개인,1993,낙산길 198,,중개거래,서울 종로구,25.09.22
86,서울특별시 종로구 교북동,126,126,0,경희궁자이(4단지),45.879,202506,6,"115,000",402,15,개인,개인,2017,송월길 155,,중개거래,서울 종로구,25.07.31
87,서울특별시 종로구 무악동,60,60,0,인왕산아이파크,59.993,202506,6,"116,000",116,7,개인,개인,2008,통일로18길 9,,중개거래,"서울 마포구, 서울 종로구",25.09.09
88,서울특별시 종로구 무악동,82,82,0,현대,84.92,202506,5,"132,960",107,13,개인,개인,2000,통일로 246-20,,중개거래,서울 종로구,25.12.09
89,서울특별시 종로구 홍파동,199,199,0,경희궁자이(2단지),84.614,202506,5,"260,000",208,11,개인,개인,2017,송월길 99,,중개거래,서울 종로구,25.09.05
90,서울특별시 종로구 홍파동,199,199,0,경희궁자이(2단지),84.614,202506,5,"260,000",,11,개인,개인,2017,송월길 99,20250620.0,중개거래,서울 종로구,
91,서울특별시 종로구 행촌동,41-1,41,1,대성아파트,30.28,202506,4,"26,500",나동,6,개인,법인,1971,사직로 21,,중개거래,서울 종로구,25.08.11
92,서울특별시 종로구 사직동,9,9,0,광화문스페이스본(101동~105동),160.85,202506,3,"200,000",105,10,개인,개인,2008,사직로8길 4,,중개거래,서울 종로구,25.11.28
93,서울특별시 종로구 숭인동,2-1,2,1,종로센트레빌,59.92,202506,3,"88,000",101,6,개인,개인,2008,동망산길 47,,중개거래,서울 종로구,25.08.08
94,서울특별시 종로구 홍파동,199,199,0,경희궁자이(2단지),84.9443,202506,2,"249,000",203,3,개인,개인,2017,송월길 99,,중개거래,서울 종로구,25.08.11
95,서울특별시 종로구 사직동,9,9,0,광화문스페이스본(101동~105동),151.81,202506,2,"205,000",,5,개인,개인,2008,사직로8길 4,20250616.0,중개거래,서울 종로구,
96,서울특별시 종로구 무악동,82,82,0,현대,84.92,202506,2,"123,900",102,8,개인,개인,2000,통일로 246-20,,중개거래,서울 종로구,25.08.28
97,서울특별시 종로구 사직동,9,9,0,광화문스페이스본(101동~105동),151.81,202506,2,"205,000",104,5,개인,개인,2008,사직로8길 4,,중개거래,서울 종로구,25.08.14
98,서울특별시 종로구 숭인동,2-1,2,1,종로센트레빌,84.92,202506,1,"103,500",104,6,개인,개인,2008,동망산길 47,,중개거래,"서울 성북구, 서울 종로구",25.08.28
99,서울특별시 종로구 홍파동,199,199,0,경희궁자이(2단지),84.9071,202506,1,"240,000",,11,개인,개인,2017,송월길 99,,중개거래,서울 종로구,
100,서울특별시 종로구 무악동,82,82,0,현대,60.0,202505,31,"93,950",101,8,개인,개인,2000,통일로 246-20,,중개거래,서울 종로구,25.09.18
101,서울특별시 종로구 창신동,702,702,0,창신쌍용1,79.87,202505,31,"73,800",102,13,개인,개인,1992,동망산길 19,,중개거래,서울 종로구,25.08.08
102,서울특별시 종로구 숭인동,2-1,2,1,종로센트레빌,59.92,202505,31,"88,000",106,8,개인,개인,2008,동망산길 47,,중개거래,서울 종로구,25.08.18
103,서울특별시 종로구 무악동,89,89,0,경희궁롯데캐슬,84.8792,202505,31,"168,500",103동,3,개인,개인,2019,통일로 230,,중개거래,서울 종로구,25.08.29
104,서울특별시 종로구 내수동,72,72,0,경희궁의아침3단지,174.55,202505,30,"220,000",경희궁의 아침 3단지,15,개인,개인,2004,사직로8길 34,,직거래,,25.07.16
105,서울특별시 종로구 무악동,60,60,0,인왕산아이파크,84.858,202505,30,"125,500",102,1,개인,개인,2008,통일로18길 9,,중개거래,서울 종로구,25.09.05
106,서울특별시 종로구 평동,233,233,0,경희궁자이(3단지),84.614,202505,29,"230,000",303,8,개인,개인,2017,경교장길 35,,중개거래,서울 종로구,25.08.29
107,서울특별시 종로구 익선동,55,55,0,현대뜨레비앙,46.64,202505,29,"45,000",현대뜨레비앙,3,개인,개인,2003,돈화문로11가길 59,,직거래,,25.06.10
108,서울특별시 종로구 무악동,88,88,0,인왕산2차아이파크,84.0283,202505,29,"121,000",202,12,개인,개인,2015,통일로18길 34,,중개거래,서울 종로구,25.08.26
109,서울특별시 종로구 홍파동,199,199,0,경희궁자이(2단지),138.6533,202505,27,"330,000",207,12,개인,개인,2017,송월길 99,,중개거래,서울 종로구,25.06.18
110,서울특별시 종로구 홍파동,199,199,0,경희궁자이(2단지),138.6533,202505,27,"330,000",,12,개인,개인,2017,송월길 99,20250602.0,중개거래,서울 종로구,
111,서울특별시 종로구 홍파동,199,199,0,경희궁자이(2단지),138.6533,202505,27,"330,000",,12,개인,개인,2017,송월길 99,20250614.0,중개거래,서울 종로구,
112,서울특별시 종로구 평창동,596,596,0,삼성,84.93,202505,27,"89,000",102,12,개인,개인,1998,평창문화로 172,,중개거래,서울 종로구,25.07.28
113,서울특별시 종로구 숭인동,766,766,0,종로청계힐스테이트,59.9426,202505,27,"79,500",104,3,개인,개인,2009,숭인동길 21,,중개거래,서울 종로구,25.08.07
114,서울특별시 종로구 사직동,9,9,0,광화문스페이스본(101동~105동),70.8,202505,26,"112,600",,7,개인,개인,2008,사직로8길 4,20250711.0,직거래,,
115,서울특별시 종로구 창신동,328-17,328,17,동대문,28.8,202505,26,"38,300",,5,개인,개인,1966,지봉로 25,,중개거래,서울 종로구,25.06.10
116,서울특별시 종로구 숭인동,1421-1,1421,1,종로동광모닝스카이,15.855,202505,26,"11,000",,14,개인,개인,2013,난계로29가길 24,,중개거래,서울 중구,25.06.30
117,서울특별시 종로구 무악동,60,60,0,인왕산아이파크,84.858,202505,24,"133,000",109,14,개인,개인,2008,통일로18길 9,,중개거래,서울 종로구,25.06.13
118,서울특별시 종로구 평동,233,233,0,경희궁자이(3단지),84.8359,202505,24,"229,000",304,1,개인,개인,2017,경교장길 35,,중개거래,서울 종로구,25.07.25
119,서울특별시 종로구 사직동,9,9,0,광화문스페이스본(101동~105동),121.37,202505,23,"174,000",105,9,개인,개인,2008,사직로8길 4,,중개거래,서울 종로구,25.08.11
120,서울특별시 종로구 무악동,88,88,0,인왕산2차아이파크,112.5301,202505,23,"147,000",203,13,개인,개인,2015,통일로18길 34,,중개거래,서울 종로구,25.07.31
121,서울특별시 종로구 숭인동,1421-2,1421,2,숭인한양LEEPS,12.78,202505,23,"10,000",,3,개인,개인,2014,난계로29가길 20,,중개거래,"서울 성동구, 서울 종로구",25.07.25
122,서울특별시 종로구 창신동,702,702,0,창신쌍용1,106.62,202505,23,"90,000",103,13,개인,개인,1992,동망산길 19,,중개거래,"서울 성북구, 서울 종로구",25.08.28
123,서울특별시 종로구 창신동,703,703,0,창신쌍용2,64.66,202505,23,"63,000",203,13,개인,개인,1993,낙산길 198,,중개거래,서울 종로구,25.07.22
124,서울특별시 종로구 수송동,85,85,0,로얄팰리스스위트,36.86,202505,21,"32,000",로얄팰리스스위트,9,개인,개인,2005,율곡로2길 7,,중개거래,서울 종로구,25.06.11
125,서울특별시 종로구 창신동,703,703,0,창신쌍용2,79.87,202505,21,"72,500",204,12,개인,개인,1993,낙산길 198,,중개거래,"서울 성북구, 서울 종로구",25.07.31
126,서울특별시 종로구 홍파동,199,199,0,경희궁자이(2단지),84.614,202505,21,"248,000",211,3,개인,개인,2017,송월길 99,,중개거래,"서울 마포구, 서울 종로구",25.06.30
127,서울특별시 종로구 사직동,9,9,0,광화문스페이스본(101동~105동),94.51,202505,20,"154,000",101,8,개인,개인,2008,사직로8길 4,,중개거래,서울 종로구,25.07.18
128,서울특별시 종로구 창신동,703,703,0,창신쌍용2,54.7,202505,20,"60,000",201,12,개인,개인,1993,낙산길 198,,중개거래,"서울 성북구, 서울 종로구",25.09.01
129,서울특별시 종로구 사직동,9,9,0,광화문스페이스본(101동~105동),94.51,202505,20,"164,800",102,8,개인,개인,2008,사직로8길 4,,중개거래,서울 종로구,25.09.11
130,서울특별시 종로구 무악동,60,60,0,인왕산아이파크,84.858,202505,20,"130,000",115,8,개인,개인,2008,통일로18길 9,,중개거래,"서울 은평구, 서울 종로구",25.08.29
131,서울특별시 종로구 사직동,9-1,9,1,광화문스페이스본(106동),144.52,202505,19,"197,000",,4,개인,개인,2008,경희궁길 57,20250807.0,중개거래,서울 종로구,
132,서울특별시 종로구 창신동,703,703,0,창신쌍용2,64.66,202505,19,"59,000",202,7,개인,개인,1993,낙산길 198,,직거래,,25.05.27
133,서울특별시 종로구 사직동,9-1,9,1,광화문스페이스본(106동),144.52,202505,19,"197,000",,4,개인,개인,2008,경희궁길 57,20251014.0,중개거래,서울 종로구,
134,서울특별시 종로구 평동,233,233,0,경희궁자이(3단지),84.614,202505,19,"220,000",303,1,개인,개인,2017,경교장길 35,,중개거래,서울 종로구,25.06.30
135,서울특별시 종로구 평동,233,233,0,경희궁자이(3단지),84.8359,202505,18,"240,000",302,15,개인,개인,2017,경교장길 35,,중개거래,서울 종로구,25.07.28
136,서울특별시 종로구 무악동,82,82,0,현대,60.0,202505,18,"96,970",112,2,개인,개인,2000,통일로 246-9,,중개거래,서울 종로구,25.09.26
137,서울특별시 종로구 창신동,703,703,0,창신쌍용2,54.7,202505,17,"61,000",201,10,개인,개인,1993,낙산길 198,,중개거래,서울 종로구,25.07.22
138,서울특별시 종로구 평동,233,233,0,경희궁자이(3단지),84.614,202505,17,"232,000",302,17,개인,개인,2017,경교장길 35,,중개거래,서울 종로구,25.08.12
139,서울특별시 종로구 평창동,66-1,66,1,엘리시아,236.07,202505,15,"140,000",엘리시아,3,개인,개인,2009,평창문화로 142,,중개거래,서울 종로구,25.05.30
140,서울특별시 종로구 명륜2가,4,4,0,아남1,84.8,202505,14,"105,000",제101,1,개인,개인,1995,창경궁로 265,,중개거래,서울 종로구,25.06.30
141,서울특별시 종로구 사직동,9-1,9,1,광화문스페이스본(106동),144.52,202505,14,"197,000",106,4,개인,개인,2008,경희궁길 57,,중개거래,서울 종로구,25.10.15
142,서울특별시 종로구 무악동,60,60,0,인왕산아이파크,84.858,202505,13,"136,500",112,9,개인,개인,2008,통일로18길 9,,중개거래,"서울 은평구, 서울 종로구",25.08.29
143,서울특별시 종로구 창신동,703,703,0,창신쌍용2,64.66,202505,12,"62,000",202,11,개인,개인,1993,낙산길 198,,중개거래,서울 종로구,25.06.30
144,서울특별시 종로구 수송동,85,85,0,로얄팰리스스위트,40.07,202505,10,"38,000",로얄팰리스스위트,10,개인,개인,2005,율곡로2길 7,,중개거래,서울 종로구,25.08.26
145,서울특별시 종로구 무악동,60,60,0,인왕산아이파크,84.858,202505,10,"128,000",109,10,개인,개인,2008,통일로18길 9,,중개거래,서울 종로구,25.08.04
146,서울특별시 종로구 연건동,195-10,195,10,이화에수풀,19.86,202505,10,"22,900",이화에수풀,11,개인,개인,2014,대학로 47,,중개거래,서울 성북구,25.05.23
147,서울특별시 종로구 창신동,702,702,0,창신쌍용1,54.7,202505,10,"64,900",101,11,개인,개인,1992,동망산길 19,,중개거래,서울 종로구,25.06.04
148,서울특별시 종로구 평동,233,233,0,경희궁자이(3단지),84.8359,202505,10,"240,000",305,14,개인,개인,2017,경교장길 35,,중개거래,서울 종로구,25.10.20
149,서울특별시 종로구 사직동,9,9,0,광화문스페이스본(101동~105동),94.51,202505,10,"160,000",102,13,개인,개인,2008,사직로8길 4,,중개거래,서울 종로구,25.08.04
150,서울특별시 종로구 무악동,60,60,0,인왕산아이파크,114.931,202505,9,"154,000",107,16,개인,개인,2008,통일로18길 9,,중개거래,"서울 서초구, 서울 종로구",25.07.04
151,서울특별시 종로구 무악동,82,82,0,현대,60.0,202505,8,"89,970",103,2,개인,개인,2000,통일로 246-20,,중개거래,서울 종로구,25.06.25
152,서울특별시 종로구 무악동,60,60,0,인왕산아이파크,114.931,202505,8,"148,500",105,7,개인,개인,2008,통일로18길 9,,중개거래,서울 종로구,25.08.05
