구,법정동,단지명,전용면적(㎡),계약일자,층,거래금액,동,매수자,매도자,도로명,거래유형,등기일자,정책여부
강남구,개포동,대치푸르지오발라드,59.9957,2024-08-20,2,164118,1동,개인,법인,개포로 407,직거래,24.12.20,정책전
강남구,개포동,대치푸르지오발라드,59.9957,2024-08-20,2,164118,1동,개인,법인,개포로 407,직거래,24.12.10,정책전
강남구,도곡동,도곡렉슬,119.8906,2025-11-08,2,425000,405,개인,개인,선릉로 221,중개거래,26.02.27,정책후
강남구,도곡동,도곡렉슬,119.8906,2025-11-08,2,425000,407,개인,개인,선릉로 221,중개거래,26.01.20,정책후
강남구,도곡동,럭키(963),84.97,2024-07-06,6,195000,101,개인,개인,논현로 213,중개거래,24.10.31,정책전
강남구,도곡동,럭키(963),84.97,2024-07-06,6,195000,102,개인,개인,논현로 213,중개거래,24.11.06,정책전
강동구,고덕동,래미안힐스테이트고덕,84.9,2024-06-15,11,145000,201,개인,개인,아리수로50길 50,중개거래,24.08.30,정책전
강동구,고덕동,래미안힐스테이트고덕,84.9,2024-06-15,11,145000,201,개인,개인,아리수로50길 50,중개거래,24.09.05,정책전
강동구,고덕동,래미안힐스테이트고덕,84.74,2025-06-12,15,190000,116,개인,개인,아리수로50길 50,중개거래,25.10.17,정책전
강동구,고덕동,래미안힐스테이트고덕,84.9,2025-06-12,15,190000,204,개인,개인,아리수로50길 50,중개거래,25.09.01,정책전
강동구,길동,거산유팰리스2차,21.46,2024-12-24,4,26990,,법인,개인,천호대로177길 39,직거래,25.01.07,정책전
강동구,길동,거산유팰리스2차,21.46,2024-12-24,4,26990,,공공기관,법인,천호대로177길 39,직거래,25.01.07,정책전
강동구,명일동,래미안솔베뉴,59.11,2024-06-18,3,119000,101,개인,개인,양재대로 1650,중개거래,24.08.30,정책전
강동구,명일동,래미안솔베뉴,59.25,2024-06-18,3,119000,112,개인,개인,양재대로 1650,중개거래,24.10.18,정책전
강동구,상일동,고덕롯데캐슬베네루체,84.923,2025-10-02,9,170000,703,개인,개인,상암로79길 88,중개거래,26.02.09,정책후
강동구,상일동,고덕롯데캐슬베네루체,84.923,2025-10-02,9,170000,707,개인,개인,상암로79길 88,중개거래,26.03.04,정책후
강동구,암사동,선사현대아파트,72.85,2026-04-03,18,163000,102,개인,개인,상암로 11,중개거래,26.05.21,정책후
강동구,암사동,선사현대아파트,72.85,2026-04-03,18,163000,111,개인,개인,상암로 11,중개거래,26.06.29,정책후
강북구,미아동,삼각산아이원,84.705,2026-01-06,1,71000,103,개인,개인,삼양로19길 113,중개거래,26.03.03,정책후
강북구,미아동,삼각산아이원,84.705,2026-01-06,1,71000,112,개인,개인,삼양로19길 113,중개거래,26.02.19,정책후
강서구,가양동,가양2단지(성지),34.44,2025-10-18,3,53000,204,개인,개인,허준로 47,중개거래,26.01.23,정책후
강서구,가양동,가양2단지(성지),34.44,2025-10-18,3,53000,205,개인,개인,허준로 47,중개거래,25.12.31,정책후
강서구,가양동,가양6단지,39.6,2025-10-15,12,70000,615,개인,개인,허준로 175,중개거래,25.12.23,정책후
강서구,가양동,가양6단지,39.6,2025-10-15,12,70000,604,개인,개인,허준로 175,중개거래,26.01.14,정책후
강서구,가양동,가양6단지,49.5,2026-04-09,5,97000,603,개인,개인,허준로 175,중개거래,26.08.07,정책후
강서구,가양동,가양6단지,49.5,2026-04-09,5,97000,601,개인,개인,허준로 175,중개거래,26.06.08,정책후
강서구,공항동,더트루엘마곡HQ,48.3293,2026-03-27,13,64400,102,개인,법인,공항대로 67,직거래,26.06.05,정책후
강서구,공항동,더트루엘마곡HQ,48.3293,2026-03-27,13,64400,102,개인,법인,공항대로 67,직거래,26.05.29,정책후
강서구,내발산동,센터스퀘어발산,22.16,2025-05-29,5,35750,이스트동,공공기관,법인,공항대로 302,직거래,25.06.02,정책전
강서구,내발산동,센터스퀘어발산,22.16,2025-05-29,5,35750,웨스트동,공공기관,법인,공항대로 302,직거래,25.06.02,정책전
강서구,내발산동,센터스퀘어발산,22.16,2025-05-29,7,36450,이스트동,공공기관,법인,공항대로 302,직거래,25.06.02,정책전
강서구,내발산동,센터스퀘어발산,22.16,2025-05-29,7,36450,웨스트동,공공기관,법인,공항대로 302,직거래,25.06.02,정책전
강서구,내발산동,센터스퀘어발산,22.16,2025-05-29,8,36650,이스트동,공공기관,법인,공항대로 302,직거래,25.06.02,정책전
강서구,내발산동,센터스퀘어발산,22.16,2025-05-29,8,36650,웨스트동,공공기관,법인,공항대로 302,직거래,25.06.02,정책전
강서구,내발산동,센터스퀘어발산,22.16,2025-05-29,10,36650,이스트동,공공기관,법인,공항대로 302,직거래,25.06.02,정책전
강서구,내발산동,센터스퀘어발산,22.16,2025-05-29,10,36650,웨스트동,공공기관,법인,공항대로 302,직거래,25.06.02,정책전
강서구,내발산동,센터스퀘어발산,22.16,2025-05-29,11,36800,이스트동,공공기관,법인,공항대로 302,직거래,25.06.02,정책전
강서구,내발산동,센터스퀘어발산,22.16,2025-05-29,11,36800,웨스트동,공공기관,법인,공항대로 302,직거래,25.06.02,정책전
강서구,내발산동,센터스퀘어발산,22.16,2025-05-29,13,37400,이스트동,공공기관,법인,공항대로 302,직거래,25.06.02,정책전
강서구,내발산동,센터스퀘어발산,22.16,2025-05-29,13,37400,웨스트동,공공기관,법인,공항대로 302,직거래,25.06.02,정책전
강서구,내발산동,센터스퀘어발산,19.96,2025-05-29,13,33650,이스트동,공공기관,법인,공항대로 302,직거래,25.06.02,정책전
강서구,내발산동,센터스퀘어발산,19.96,2025-05-29,13,33650,웨스트동,공공기관,법인,공항대로 302,직거래,25.06.02,정책전
강서구,내발산동,센터스퀘어발산,22.16,2025-05-29,14,37550,이스트동,공공기관,법인,공항대로 302,직거래,25.06.02,정책전
강서구,내발산동,센터스퀘어발산,22.16,2025-05-29,14,37550,웨스트동,공공기관,법인,공항대로 302,직거래,25.06.02,정책전
강서구,내발산동,센터스퀘어발산,22.16,2025-05-29,15,37550,이스트동,공공기관,법인,공항대로 302,직거래,25.06.02,정책전
강서구,내발산동,센터스퀘어발산,22.16,2025-05-29,15,37550,웨스트동,공공기관,법인,공항대로 302,직거래,25.06.02,정책전
강서구,등촌동,등촌동아이파크,84.7556,2026-02-03,18,109000,202,개인,개인,등촌로 163,직거래,26.03.10,정책후
강서구,등촌동,등촌동아이파크,84.7556,2026-02-03,18,109000,202,개인,개인,등촌로 163,중개거래,26.03.10,정책후
강서구,화곡동,갤러리빌,13.98,2026-04-17,3,10000,,개인,개인,화곡로42길 19,중개거래,26.07.31,정책후
강서구,화곡동,갤러리빌,12.54,2026-04-17,3,10000,,개인,개인,화곡로42길 19,중개거래,26.07.31,정책후
강서구,화곡동,갤러리빌,13.98,2026-04-17,4,10000,,개인,개인,화곡로42길 19,중개거래,26.07.31,정책후
강서구,화곡동,갤러리빌,12.54,2026-04-17,4,10000,,개인,개인,화곡로42길 19,중개거래,26.07.31,정책후
강서구,화곡동,갤러리빌,12.54,2026-04-17,5,10000,,개인,개인,화곡로42길 19,중개거래,26.07.31,정책후
강서구,화곡동,갤러리빌,13.98,2026-04-17,5,10000,,개인,개인,화곡로42길 19,중개거래,26.07.31,정책후
강서구,화곡동,갤러리빌,12.54,2026-04-17,6,10000,,개인,개인,화곡로42길 19,중개거래,26.07.31,정책후
강서구,화곡동,갤러리빌,13.98,2026-04-17,6,10000,,개인,개인,화곡로42길 19,중개거래,26.07.31,정책후
강서구,화곡동,갤러리빌,13.98,2026-04-17,7,10000,,개인,개인,화곡로42길 19,중개거래,26.07.31,정책후
강서구,화곡동,갤러리빌,12.54,2026-04-17,7,10000,,개인,개인,화곡로42길 19,중개거래,26.07.31,정책후
강서구,화곡동,아녜스타워4,12.15,2025-07-17,7,11000,,개인,법인,강서로7길 57,중개거래,25.07.18,정책후
강서구,화곡동,아녜스타워4,12.13,2025-07-17,7,11000,,개인,법인,강서로7길 57,중개거래,25.07.18,정책후
광진구,광장동,현대8(803동),59.94,2025-09-27,2,150000,803,개인,개인,아차산로 508,중개거래,26.01.14,정책후
광진구,광장동,현대8(803동),59.94,2025-09-27,2,150000,803,개인,개인,아차산로 508,중개거래,25.12.05,정책후
광진구,구의동,e편한세상광진그랜드파크,84.9957,2025-06-07,1,160000,103,개인,개인,광나루로 458,중개거래,25.10.01,정책전
광진구,구의동,e편한세상광진그랜드파크,84.9716,2025-06-07,1,160000,107,개인,개인,광나루로 458,중개거래,25.10.15,정책전
광진구,구의동,광진파크하우스,45.5821,2025-12-17,6,61000,101동,개인,법인,자양로 227,중개거래,25.12.24,정책후
광진구,구의동,광진파크하우스,45.5821,2025-12-17,6,61000,,개인,개인,자양로 227,중개거래,,정책후
구로구,구로동,한신,45.563,2025-04-17,6,43000,1,개인,개인,구일로8길 63,직거래,25.06.19,정책전
구로구,구로동,한신,45.563,2025-04-17,6,43000,1,개인,개인,구일로8길 63,중개거래,25.06.16,정책전
구로구,신도림동,SKVIEW,84.96,2025-07-19,29,103500,103,개인,개인,경인로 638,중개거래,25.10.16,정책후
구로구,신도림동,SKVIEW,84.96,2025-07-19,29,103500,103,개인,개인,경인로 638,직거래,25.10.16,정책후
노원구,공릉동,태강아파트(아이파크),49.6,2025-12-13,7,57500,1004,개인,개인,공릉로34길 62,중개거래,26.03.31,정책후
노원구,공릉동,태강아파트(아이파크),49.6,2025-12-13,7,57500,1002,개인,개인,공릉로34길 62,중개거래,26.03.20,정책후
노원구,상계동,상계주공4(고층),58.01,2026-03-31,13,69700,409,개인,개인,동일로214길 21,중개거래,26.06.25,정책후
노원구,상계동,상계주공4(고층),62.1,2026-03-31,13,69700,412,개인,개인,동일로214길 21,중개거래,26.05.29,정책후
노원구,상계동,상계주공5(저층),31.98,2025-09-05,4,51000,519,개인,개인,동일로216길 47,중개거래,25.10.21,정책후
노원구,상계동,상계주공5(저층),31.98,2025-09-05,4,51000,505,개인,개인,동일로216길 47,중개거래,25.10.20,정책후
노원구,상계동,상계주공7(고층),45.55,2026-04-29,12,60000,,개인,개인,동일로 1456,중개거래,,정책후
노원구,상계동,상계주공7(고층),45.9,2026-04-29,12,60000,708,개인,개인,동일로 1456,중개거래,26.06.22,정책후
노원구,월계동,풍림아이원,84.491,2024-09-08,3,82250,101,기타,기타,화랑로47길 38,중개거래,24.11.15,정책전
노원구,월계동,풍림아이원,84.491,2024-09-08,3,82250,,개인,개인,화랑로47길 38,중개거래,,정책전
노원구,중계동,중계그린1단지,49.85,2025-09-24,6,57000,108,개인,개인,동일로207길 17,중개거래,25.12.23,정책후
노원구,중계동,중계그린1단지,49.5,2025-09-24,6,57000,124,개인,개인,섬밭로 285,중개거래,25.12.26,정책후
노원구,하계동,건영,53.14,2025-08-20,8,52400,8,개인,개인,섬밭로 229,직거래,25.11.28,정책후
노원구,하계동,건영,53.14,2025-08-20,8,52400,8,개인,개인,섬밭로 229,중개거래,25.11.28,정책후
도봉구,방학동,청구아파트,84.97,2025-06-24,9,54800,108,개인,개인,시루봉로 71,중개거래,25.09.03,정책전
도봉구,방학동,청구아파트,84.97,2025-06-24,9,54800,107,개인,개인,시루봉로 71,중개거래,25.08.14,정책전
동대문구,용두동,LOFT129,22.1159,2025-12-22,3,28170,1동,공공기관,법인,무학로 80,직거래,25.12.26,정책후
동대문구,용두동,LOFT129,21.7596,2025-12-22,3,28170,1동,공공기관,법인,무학로 80,직거래,25.12.26,정책후
동대문구,용두동,래미안 허브리츠,114.96,2024-11-19,12,135000,107,개인,개인,정릉천동로 36,중개거래,25.03.31,정책전
동대문구,용두동,래미안 허브리츠,114.98,2024-11-19,12,135000,107,개인,개인,정릉천동로 36,중개거래,25.03.31,정책전
동대문구,장안동,장안동하트리움,18.1438,2025-04-30,5,25850,101동,공공기관,법인,장한로2길 44,직거래,25.05.08,정책전
동대문구,장안동,장안동하트리움,18.1377,2025-04-30,5,25850,101동,공공기관,법인,장한로2길 44,직거래,25.05.08,정책전
동대문구,장안동,장안동하트리움,18.1438,2025-04-30,6,25850,101동,공공기관,법인,장한로2길 44,직거래,25.05.08,정책전
동대문구,장안동,장안동하트리움,18.1377,2025-04-30,6,25850,101동,공공기관,법인,장한로2길 44,직거래,25.05.08,정책전
동대문구,장안동,장안동하트리움,18.1438,2025-04-30,10,26400,101동,공공기관,법인,장한로2길 44,직거래,25.05.08,정책전
동대문구,장안동,장안동하트리움,18.1377,2025-04-30,10,26400,101동,공공기관,법인,장한로2길 44,직거래,25.05.08,정책전
동대문구,장안동,장안동하트리움,18.1377,2025-04-30,11,26400,101동,공공기관,법인,장한로2길 44,직거래,25.05.08,정책전
동대문구,장안동,장안동하트리움,18.1438,2025-04-30,11,26400,101동,공공기관,법인,장한로2길 44,직거래,25.05.08,정책전
동대문구,장안동,장안동하트리움,18.1377,2025-04-30,13,26400,101동,공공기관,법인,장한로2길 44,직거래,25.05.08,정책전
동대문구,장안동,장안동하트리움,18.1438,2025-04-30,13,26400,101동,공공기관,법인,장한로2길 44,직거래,25.05.08,정책전
동대문구,장안동,장안동하트리움,18.1377,2025-04-30,14,26400,101동,공공기관,법인,장한로2길 44,직거래,25.05.08,정책전
동대문구,장안동,장안동하트리움,18.1438,2025-04-30,14,26400,101동,공공기관,법인,장한로2길 44,직거래,25.05.08,정책전
동대문구,장안동,장안동하트리움,18.1377,2025-04-30,16,26950,101동,공공기관,법인,장한로2길 44,직거래,25.05.08,정책전
동대문구,장안동,장안동하트리움,18.1438,2025-04-30,16,26950,101동,공공기관,법인,장한로2길 44,직거래,25.05.08,정책전
동대문구,장안동,장안동하트리움,18.1377,2025-04-30,17,26950,101동,공공기관,법인,장한로2길 44,직거래,25.05.08,정책전
동대문구,장안동,장안동하트리움,18.1438,2025-04-30,17,26950,101동,공공기관,법인,장한로2길 44,직거래,25.05.08,정책전
동대문구,장안동,장안동하트리움,18.1377,2025-04-30,20,26950,101동,공공기관,법인,장한로2길 44,직거래,25.05.08,정책전
동대문구,장안동,장안동하트리움,18.1438,2025-04-30,20,26950,101동,공공기관,법인,장한로2길 44,직거래,25.05.08,정책전
동대문구,장안동,장안동하트리움,18.1377,2025-04-30,21,26950,101동,공공기관,법인,장한로2길 44,직거래,25.05.08,정책전
동대문구,장안동,장안동하트리움,18.1438,2025-04-30,21,26950,101동,공공기관,법인,장한로2길 44,직거래,25.05.08,정책전
동대문구,장안동,장안동하트리움,18.1377,2025-04-30,25,26850,101동,공공기관,법인,장한로2길 44,직거래,25.05.08,정책전
동대문구,장안동,장안동하트리움,18.1438,2025-04-30,25,26850,101동,공공기관,법인,장한로2길 44,직거래,25.05.08,정책전
동대문구,제기동,한신아파트,114.885,2025-10-15,8,100000,109,개인,개인,고산자로 534,중개거래,26.01.23,정책후
동대문구,제기동,한신아파트,84.76,2025-10-15,8,100000,111,개인,개인,고산자로 534,중개거래,26.03.27,정책후
동대문구,회기동,민족통일MJ캠퍼스경희대,20.34,2025-11-19,10,23000,,개인,개인,이문로 3,직거래,25.12.01,정책후
동대문구,회기동,민족통일MJ캠퍼스경희대,23.16,2025-11-19,10,23000,,개인,개인,이문로 3,직거래,25.12.01,정책후
동작구,신대방동,보라매자이더포레스트,59.9365,2025-10-16,33,143500,101,개인,개인,여의대방로22길 121,중개거래,26.02.23,정책후
동작구,신대방동,보라매자이더포레스트,59.9365,2025-10-16,33,143500,101,개인,개인,여의대방로22길 121,중개거래,26.03.03,정책후
서대문구,남가좌동,DMC에코자이,59.79,2025-03-16,2,103000,103,개인,개인,거북골로 84,중개거래,25.06.20,정책전
서대문구,남가좌동,DMC에코자이,59.656,2025-03-16,2,103000,110,개인,개인,거북골로 84,중개거래,25.06.13,정책전
서초구,방배동,롯데캐슬아르떼,59.9742,2024-07-05,3,190000,106,개인,개인,방배천로18길 11,중개거래,24.09.09,정책전
서초구,방배동,롯데캐슬아르떼,59.9902,2024-07-05,3,190000,103,개인,개인,방배천로18길 11,중개거래,24.10.21,정책전
성동구,금호동1가,이편한세상금호파크힐스,84.982,2026-04-18,16,235000,108,개인,개인,금호로 140,중개거래,26.05.27,정책후
성동구,금호동1가,이편한세상금호파크힐스,84.932,2026-04-18,16,235000,112,개인,개인,금호로 140,중개거래,26.05.07,정책후
성동구,금호동4가,서울숲2차푸르지오,84.925,2025-06-14,2,185000,204,개인,개인,금호로 17,중개거래,25.08.29,정책전
성동구,금호동4가,서울숲2차푸르지오,84.776,2025-06-14,2,185000,210,개인,개인,금호로 17,중개거래,25.08.20,정책전
성북구,돈암동,길음역금호어울림센터힐,59.84,2025-10-16,15,80000,104,개인,개인,동소문로34길 73,중개거래,26.01.02,정책후
성북구,돈암동,길음역금호어울림센터힐,59.84,2025-10-16,15,80000,104,개인,개인,동소문로34길 73,직거래,26.01.02,정책후
성북구,돈암동,한진(609-1),59.58,2025-10-15,6,63500,202동,개인,개인,성북로4길 52,중개거래,26.01.29,정책후
성북구,돈암동,한진(609-1),59.58,2025-10-15,6,63500,202동,개인,개인,성북로4길 52,중개거래,25.10.30,정책후
성북구,장위동,꿈의숲아이파크,84.48,2025-10-03,24,127000,710,개인,개인,돌곶이로40길 46,중개거래,26.02.13,정책후
성북구,장위동,꿈의숲아이파크,84.48,2025-10-03,24,127000,715,개인,개인,돌곶이로40길 46,중개거래,26.01.08,정책후
성북구,종암동,래미안세레니티,84.98,2025-05-29,9,102000,214,개인,개인,종암로23길 35,중개거래,25.09.25,정책전
성북구,종암동,래미안세레니티,84.98,2025-05-29,9,102000,214,개인,개인,종암로23길 35,직거래,25.09.25,정책전
송파구,가락동,가락(1차)쌍용아파트,59.92,2025-03-22,12,135000,205,개인,개인,동남로 193,중개거래,25.06.24,정책전
송파구,가락동,가락(1차)쌍용아파트,59.92,2025-03-22,12,135000,305,개인,개인,동남로 193,중개거래,25.07.15,정책전
송파구,가락동,헬리오시티,84.97,2025-03-03,10,250000,306,개인,개인,송파대로 345,중개거래,25.05.08,정책전
송파구,가락동,헬리오시티,84.98,2025-03-03,10,250000,201,개인,개인,송파대로 345,중개거래,25.08.08,정책전
송파구,문정동,올림픽훼밀리타운,84.751,2025-02-21,1,185000,106,개인,개인,중대로 24,중개거래,25.05.20,정책전
송파구,문정동,올림픽훼밀리타운,84.751,2025-02-21,1,185000,109,개인,개인,중대로 24,중개거래,25.05.21,정책전
송파구,방이동,코오롱아파트,84.95,2024-07-20,8,135000,101,개인,개인,오금로31길 28,중개거래,24.12.06,정책전
송파구,방이동,코오롱아파트,84.95,2024-07-20,8,135000,103,개인,개인,오금로31길 28,중개거래,24.10.31,정책전
양천구,목동,목동신시가지5,152.85,2025-06-27,2,370000,515,개인,개인,목동동로 350,중개거래,25.10.01,정책전
양천구,목동,목동신시가지5,143.36,2025-06-27,2,370000,506,개인,개인,목동동로 350,중개거래,25.10.30,정책전
용산구,서계동,어반허브서울스테이션(UrbanHubSeoulStation),21.2016,2025-08-04,6,45000,,공공기관,법인,청파로73길 36-7,직거래,25.08.12,정책후
용산구,서계동,어반허브서울스테이션(UrbanHubSeoulStation),26.1034,2025-08-04,6,45000,,공공기관,법인,청파로73길 36-7,직거래,25.08.12,정책후
용산구,서계동,어반허브서울스테이션(UrbanHubSeoulStation),21.2016,2025-08-04,7,45000,,공공기관,법인,청파로73길 36-7,직거래,25.08.12,정책후
용산구,서계동,어반허브서울스테이션(UrbanHubSeoulStation),26.1034,2025-08-04,7,45000,,공공기관,법인,청파로73길 36-7,직거래,25.08.12,정책후
용산구,서계동,어반허브서울스테이션(UrbanHubSeoulStation),21.2016,2025-08-04,8,45000,,공공기관,법인,청파로73길 36-7,직거래,25.08.12,정책후
용산구,서계동,어반허브서울스테이션(UrbanHubSeoulStation),26.1034,2025-08-04,8,45000,,공공기관,법인,청파로73길 36-7,직거래,25.08.12,정책후
용산구,서계동,어반허브서울스테이션(UrbanHubSeoulStation),21.2016,2025-08-04,9,45000,,공공기관,법인,청파로73길 36-7,직거래,25.08.12,정책후
용산구,서계동,어반허브서울스테이션(UrbanHubSeoulStation),26.1034,2025-08-04,9,45000,,공공기관,법인,청파로73길 36-7,직거래,25.08.12,정책후
용산구,이촌동,왕궁,102.48,2025-03-20,2,270000,2,개인,개인,이촌로88길 15,중개거래,25.06.16,정책전
용산구,이촌동,왕궁,102.48,2025-03-20,2,270000,3,개인,개인,이촌로88길 15,중개거래,25.07.17,정책전
중구,정동,삼정아트테라스정동,18.0824,2025-06-21,2,27000,1동,개인,개인,서소문로 89-20,직거래,25.07.24,정책전
중구,정동,삼정아트테라스정동,18.0824,2025-06-21,2,27000,1동,개인,개인,서소문로 89-20,중개거래,25.07.24,정책전
중구,황학동,한양I-Class,16.37,2025-11-05,13,12700,,개인,개인,난계로 173,중개거래,25.12.18,정책후
중구,황학동,한양I-Class,16.37,2025-11-05,13,12700,,개인,개인,난계로 173,중개거래,25.12.05,정책후
중랑구,묵동,세이지움태릉입구역,36.7355,2026-07-09,6,45000,102동,공공기관,법인,숙선옹주로 4,직거래,26.07.21,정책후
중랑구,묵동,세이지움태릉입구역,38.6071,2026-07-09,6,45000,102동,공공기관,법인,숙선옹주로 4,직거래,26.07.21,정책후
중랑구,묵동,세이지움태릉입구역,36.7355,2026-07-09,6,45000,101동,공공기관,법인,숙선옹주로 4,직거래,26.07.21,정책후
중랑구,묵동,세이지움태릉입구역,18.364,2026-07-09,6,25800,101동,공공기관,법인,숙선옹주로 4,직거래,26.07.21,정책후
중랑구,묵동,세이지움태릉입구역,18.364,2026-07-09,6,25800,102동,공공기관,법인,숙선옹주로 4,직거래,26.07.21,정책후
중랑구,묵동,세이지움태릉입구역,36.7355,2026-07-09,7,45000,102동,공공기관,법인,숙선옹주로 4,직거래,26.07.21,정책후
중랑구,묵동,세이지움태릉입구역,38.6071,2026-07-09,7,45000,102동,공공기관,법인,숙선옹주로 4,직거래,26.07.21,정책후
중랑구,묵동,세이지움태릉입구역,36.7355,2026-07-09,7,45000,101동,공공기관,법인,숙선옹주로 4,직거래,26.07.21,정책후
중랑구,묵동,세이지움태릉입구역,18.364,2026-07-09,7,25800,101동,공공기관,법인,숙선옹주로 4,직거래,26.07.21,정책후
중랑구,묵동,세이지움태릉입구역,18.364,2026-07-09,7,25800,102동,공공기관,법인,숙선옹주로 4,직거래,26.07.21,정책후
중랑구,묵동,세이지움태릉입구역,36.7355,2026-07-09,8,45000,102동,공공기관,법인,숙선옹주로 4,직거래,26.07.21,정책후
중랑구,묵동,세이지움태릉입구역,38.6071,2026-07-09,8,45000,102동,공공기관,법인,숙선옹주로 4,직거래,26.07.21,정책후
중랑구,묵동,세이지움태릉입구역,36.7355,2026-07-09,8,45000,101동,공공기관,법인,숙선옹주로 4,직거래,26.07.21,정책후
중랑구,묵동,세이지움태릉입구역,18.364,2026-07-09,8,25800,101동,공공기관,법인,숙선옹주로 4,직거래,26.07.21,정책후
중랑구,묵동,세이지움태릉입구역,18.364,2026-07-09,8,25800,102동,공공기관,법인,숙선옹주로 4,직거래,26.07.21,정책후
중랑구,묵동,세이지움태릉입구역,36.7355,2026-07-09,9,45000,102동,공공기관,법인,숙선옹주로 4,직거래,26.07.21,정책후
중랑구,묵동,세이지움태릉입구역,38.6071,2026-07-09,9,45000,102동,공공기관,법인,숙선옹주로 4,직거래,26.07.21,정책후
중랑구,묵동,세이지움태릉입구역,36.7355,2026-07-09,9,45000,101동,공공기관,법인,숙선옹주로 4,직거래,26.07.21,정책후
중랑구,묵동,세이지움태릉입구역,18.364,2026-07-09,9,25800,101동,공공기관,법인,숙선옹주로 4,직거래,26.07.21,정책후
중랑구,묵동,세이지움태릉입구역,18.364,2026-07-09,9,25800,102동,공공기관,법인,숙선옹주로 4,직거래,26.07.21,정책후
중랑구,묵동,세이지움태릉입구역,36.7355,2026-07-09,10,45000,102동,공공기관,법인,숙선옹주로 4,직거래,26.07.21,정책후
중랑구,묵동,세이지움태릉입구역,38.6071,2026-07-09,10,45000,102동,공공기관,법인,숙선옹주로 4,직거래,26.07.21,정책후
중랑구,묵동,세이지움태릉입구역,36.7355,2026-07-09,10,45000,101동,공공기관,법인,숙선옹주로 4,직거래,26.07.21,정책후
중랑구,묵동,세이지움태릉입구역,36.7355,2026-07-09,11,45000,102동,공공기관,법인,숙선옹주로 4,직거래,26.07.21,정책후
중랑구,묵동,세이지움태릉입구역,38.6071,2026-07-09,11,45000,102동,공공기관,법인,숙선옹주로 4,직거래,26.07.21,정책후
중랑구,묵동,세이지움태릉입구역,36.7355,2026-07-09,11,45000,101동,공공기관,법인,숙선옹주로 4,직거래,26.07.21,정책후
중랑구,묵동,세이지움태릉입구역,18.364,2026-07-09,11,26000,101동,공공기관,법인,숙선옹주로 4,직거래,26.07.21,정책후
중랑구,묵동,세이지움태릉입구역,18.364,2026-07-09,11,26000,102동,공공기관,법인,숙선옹주로 4,직거래,26.07.21,정책후
중랑구,묵동,세이지움태릉입구역,38.6071,2026-07-09,12,45000,102동,공공기관,법인,숙선옹주로 4,직거래,26.07.21,정책후
중랑구,묵동,세이지움태릉입구역,36.7355,2026-07-09,12,45000,101동,공공기관,법인,숙선옹주로 4,직거래,26.07.21,정책후
중랑구,묵동,세이지움태릉입구역,18.364,2026-07-09,12,26000,101동,공공기관,법인,숙선옹주로 4,직거래,26.07.21,정책후
중랑구,묵동,세이지움태릉입구역,18.364,2026-07-09,12,26000,102동,공공기관,법인,숙선옹주로 4,직거래,26.07.21,정책후
중랑구,묵동,세이지움태릉입구역,36.7355,2026-07-09,13,45000,102동,공공기관,법인,숙선옹주로 4,직거래,26.07.21,정책후
중랑구,묵동,세이지움태릉입구역,38.6071,2026-07-09,13,45000,102동,공공기관,법인,숙선옹주로 4,직거래,26.07.21,정책후
중랑구,묵동,세이지움태릉입구역,36.7355,2026-07-09,13,45000,101동,공공기관,법인,숙선옹주로 4,직거래,26.07.21,정책후
중랑구,묵동,세이지움태릉입구역,18.364,2026-07-09,13,26000,101동,공공기관,법인,숙선옹주로 4,직거래,26.07.21,정책후
중랑구,묵동,세이지움태릉입구역,18.364,2026-07-09,13,26000,102동,공공기관,법인,숙선옹주로 4,직거래,26.07.21,정책후
중랑구,묵동,세이지움태릉입구역,18.364,2026-07-09,14,26000,102동,공공기관,법인,숙선옹주로 4,직거래,26.07.21,정책후
중랑구,묵동,세이지움태릉입구역,18.364,2026-07-09,14,26000,101동,공공기관,법인,숙선옹주로 4,직거래,26.07.21,정책후
중랑구,묵동,세이지움태릉입구역,36.7355,2026-07-09,14,45000,102동,공공기관,법인,숙선옹주로 4,직거래,26.07.21,정책후
중랑구,묵동,세이지움태릉입구역,38.6071,2026-07-09,14,45000,102동,공공기관,법인,숙선옹주로 4,직거래,26.07.21,정책후
중랑구,묵동,세이지움태릉입구역,18.364,2026-07-09,16,26250,102동,공공기관,법인,숙선옹주로 4,직거래,26.07.21,정책후
중랑구,묵동,세이지움태릉입구역,18.364,2026-07-09,16,26250,101동,공공기관,법인,숙선옹주로 4,직거래,26.07.21,정책후
중랑구,묵동,세이지움태릉입구역,38.6071,2026-07-09,16,45000,102동,공공기관,법인,숙선옹주로 4,직거래,26.07.21,정책후
중랑구,묵동,세이지움태릉입구역,36.7355,2026-07-09,16,45000,101동,공공기관,법인,숙선옹주로 4,직거래,26.07.21,정책후
중랑구,묵동,세이지움태릉입구역,18.364,2026-07-09,17,26250,102동,공공기관,법인,숙선옹주로 4,직거래,26.07.21,정책후
중랑구,묵동,세이지움태릉입구역,18.364,2026-07-09,17,26250,101동,공공기관,법인,숙선옹주로 4,직거래,26.07.21,정책후
중랑구,묵동,세이지움태릉입구역,36.7355,2026-07-09,17,45000,102동,공공기관,법인,숙선옹주로 4,직거래,26.07.21,정책후
중랑구,묵동,세이지움태릉입구역,38.6071,2026-07-09,17,45000,102동,공공기관,법인,숙선옹주로 4,직거래,26.07.21,정책후
중랑구,묵동,세이지움태릉입구역,18.364,2026-07-09,18,26250,102동,공공기관,법인,숙선옹주로 4,직거래,26.07.21,정책후
중랑구,묵동,세이지움태릉입구역,18.364,2026-07-09,18,26250,101동,공공기관,법인,숙선옹주로 4,직거래,26.07.21,정책후
중랑구,묵동,세이지움태릉입구역,36.7355,2026-07-09,18,45000,102동,공공기관,법인,숙선옹주로 4,직거래,26.07.21,정책후
중랑구,묵동,세이지움태릉입구역,38.6071,2026-07-09,18,45000,102동,공공기관,법인,숙선옹주로 4,직거래,26.07.21,정책후
중랑구,묵동,세이지움태릉입구역,36.7355,2026-07-09,18,45000,101동,공공기관,법인,숙선옹주로 4,직거래,26.07.21,정책후
중랑구,묵동,세이지움태릉입구역,18.364,2026-07-09,19,26250,102동,공공기관,법인,숙선옹주로 4,직거래,26.07.21,정책후
중랑구,묵동,세이지움태릉입구역,18.364,2026-07-09,19,26250,101동,공공기관,법인,숙선옹주로 4,직거래,26.07.21,정책후
중랑구,묵동,세이지움태릉입구역,36.7355,2026-07-09,19,45000,102동,공공기관,법인,숙선옹주로 4,직거래,26.07.21,정책후
중랑구,묵동,세이지움태릉입구역,38.6071,2026-07-09,19,45000,102동,공공기관,법인,숙선옹주로 4,직거래,26.07.21,정책후
중랑구,묵동,세이지움태릉입구역,36.7355,2026-07-09,20,45000,102동,공공기관,법인,숙선옹주로 4,직거래,26.07.21,정책후
중랑구,묵동,세이지움태릉입구역,38.6071,2026-07-09,20,45000,102동,공공기관,법인,숙선옹주로 4,직거래,26.07.21,정책후
중랑구,묵동,세이지움태릉입구역,36.7355,2026-07-09,20,45000,101동,공공기관,법인,숙선옹주로 4,직거래,26.07.21,정책후
중랑구,묵동,세이지움태릉입구역,18.364,2026-07-09,21,26550,102동,공공기관,법인,숙선옹주로 4,직거래,26.07.21,정책후
중랑구,묵동,세이지움태릉입구역,18.364,2026-07-09,21,26550,101동,공공기관,법인,숙선옹주로 4,직거래,26.07.21,정책후
중랑구,묵동,세이지움태릉입구역,38.6071,2026-07-09,21,45000,102동,공공기관,법인,숙선옹주로 4,직거래,26.07.21,정책후
중랑구,묵동,세이지움태릉입구역,36.7355,2026-07-09,21,45000,101동,공공기관,법인,숙선옹주로 4,직거래,26.07.21,정책후
중랑구,묵동,세이지움태릉입구역,18.364,2026-07-09,22,26550,102동,공공기관,법인,숙선옹주로 4,직거래,26.07.21,정책후
중랑구,묵동,세이지움태릉입구역,18.364,2026-07-09,22,26550,101동,공공기관,법인,숙선옹주로 4,직거래,26.07.21,정책후
중랑구,묵동,세이지움태릉입구역,36.7355,2026-07-09,22,45000,102동,공공기관,법인,숙선옹주로 4,직거래,26.07.21,정책후
중랑구,묵동,세이지움태릉입구역,38.6071,2026-07-09,22,45000,102동,공공기관,법인,숙선옹주로 4,직거래,26.07.21,정책후
중랑구,묵동,세이지움태릉입구역,36.7355,2026-07-09,22,45000,101동,공공기관,법인,숙선옹주로 4,직거래,26.07.21,정책후
중랑구,묵동,세이지움태릉입구역,18.364,2026-07-09,23,26550,102동,공공기관,법인,숙선옹주로 4,직거래,26.07.21,정책후
중랑구,묵동,세이지움태릉입구역,18.364,2026-07-09,23,26550,101동,공공기관,법인,숙선옹주로 4,직거래,26.07.21,정책후
중랑구,묵동,세이지움태릉입구역,36.7355,2026-07-09,23,45000,102동,공공기관,법인,숙선옹주로 4,직거래,26.07.21,정책후
중랑구,묵동,세이지움태릉입구역,38.6071,2026-07-09,23,45000,102동,공공기관,법인,숙선옹주로 4,직거래,26.07.21,정책후
중랑구,묵동,세이지움태릉입구역,36.7355,2026-07-09,23,45000,101동,공공기관,법인,숙선옹주로 4,직거래,26.07.21,정책후
중랑구,묵동,세이지움태릉입구역,18.364,2026-07-09,24,26550,102동,공공기관,법인,숙선옹주로 4,직거래,26.07.21,정책후
중랑구,묵동,세이지움태릉입구역,18.364,2026-07-09,24,26550,101동,공공기관,법인,숙선옹주로 4,직거래,26.07.21,정책후
중랑구,묵동,세이지움태릉입구역,36.7355,2026-07-09,24,45000,102동,공공기관,법인,숙선옹주로 4,직거래,26.07.21,정책후
중랑구,묵동,세이지움태릉입구역,38.6071,2026-07-09,24,45000,102동,공공기관,법인,숙선옹주로 4,직거래,26.07.21,정책후
중랑구,묵동,세이지움태릉입구역,36.7355,2026-07-09,24,45000,101동,공공기관,법인,숙선옹주로 4,직거래,26.07.21,정책후
중랑구,묵동,세이지움태릉입구역,18.364,2026-07-09,25,26550,102동,공공기관,법인,숙선옹주로 4,직거래,26.07.21,정책후
중랑구,묵동,세이지움태릉입구역,18.364,2026-07-09,25,26550,101동,공공기관,법인,숙선옹주로 4,직거래,26.07.21,정책후
중랑구,묵동,세이지움태릉입구역,36.7355,2026-07-09,25,45000,102동,공공기관,법인,숙선옹주로 4,직거래,26.07.21,정책후
중랑구,묵동,세이지움태릉입구역,38.6071,2026-07-09,25,45000,102동,공공기관,법인,숙선옹주로 4,직거래,26.07.21,정책후
중랑구,묵동,세이지움태릉입구역,18.364,2026-07-09,26,26800,102동,공공기관,법인,숙선옹주로 4,직거래,26.07.21,정책후
중랑구,묵동,세이지움태릉입구역,18.364,2026-07-09,26,26800,101동,공공기관,법인,숙선옹주로 4,직거래,26.07.21,정책후
중랑구,묵동,세이지움태릉입구역,36.7355,2026-07-09,26,45000,102동,공공기관,법인,숙선옹주로 4,직거래,26.07.21,정책후
중랑구,묵동,세이지움태릉입구역,38.6071,2026-07-09,26,45000,102동,공공기관,법인,숙선옹주로 4,직거래,26.07.21,정책후
중랑구,묵동,세이지움태릉입구역,36.7355,2026-07-09,26,45000,101동,공공기관,법인,숙선옹주로 4,직거래,26.07.21,정책후
중랑구,묵동,세이지움태릉입구역,18.364,2026-07-09,27,26800,102동,공공기관,법인,숙선옹주로 4,직거래,26.07.21,정책후
중랑구,묵동,세이지움태릉입구역,18.364,2026-07-09,27,26800,101동,공공기관,법인,숙선옹주로 4,직거래,26.07.21,정책후
중랑구,묵동,세이지움태릉입구역,36.7355,2026-07-09,27,45000,102동,공공기관,법인,숙선옹주로 4,직거래,26.07.21,정책후
중랑구,묵동,세이지움태릉입구역,36.7355,2026-07-09,27,45000,101동,공공기관,법인,숙선옹주로 4,직거래,26.07.21,정책후
중랑구,묵동,세이지움태릉입구역,18.364,2026-07-09,28,26800,102동,공공기관,법인,숙선옹주로 4,직거래,26.07.21,정책후
중랑구,묵동,세이지움태릉입구역,18.364,2026-07-09,28,26800,101동,공공기관,법인,숙선옹주로 4,직거래,26.07.21,정책후
중랑구,묵동,세이지움태릉입구역,36.7355,2026-07-09,28,45000,102동,공공기관,법인,숙선옹주로 4,직거래,26.07.21,정책후
중랑구,묵동,세이지움태릉입구역,36.7355,2026-07-09,28,45000,101동,공공기관,법인,숙선옹주로 4,직거래,26.07.21,정책후
중랑구,묵동,세이지움태릉입구역,18.364,2026-07-09,29,26800,102동,공공기관,법인,숙선옹주로 4,직거래,26.07.21,정책후
중랑구,묵동,세이지움태릉입구역,18.364,2026-07-09,29,26800,101동,공공기관,법인,숙선옹주로 4,직거래,26.07.21,정책후
중랑구,묵동,세이지움태릉입구역,36.7355,2026-07-09,29,45000,102동,공공기관,법인,숙선옹주로 4,직거래,26.07.21,정책후
중랑구,묵동,세이지움태릉입구역,36.7355,2026-07-09,29,45000,101동,공공기관,법인,숙선옹주로 4,직거래,26.07.21,정책후
