구,법정동,계약년월,평균평단가,중위평단가,거래건수
강남구,강남1동,2024-05,7857.5,7984.5,6
강남구,강남1동,2024-06,7996.8,7993.6,8
강남구,강남1동,2024-07,7987.4,7878.7,10
강남구,강남1동,2024-08,7735.0,7669.6,14
강남구,강남1동,2024-09,8050.2,8026.0,8
강남구,강남1동,2024-10,7999.7,8180.1,7
강남구,강남1동,2024-11,8008.5,8039.8,12
강남구,강남1동,2024-12,8229.4,8215.6,11
강남구,강남1동,2025-01,7886.8,7883.8,4
강남구,강남1동,2025-02,8017.1,8013.9,9
강남구,강남1동,2025-03,8354.1,8370.6,10
강남구,강남1동,2025-04,7998.0,7902.3,8
강남구,강남1동,2025-05,8347.5,8375.0,18
강남구,강남1동,2025-06,8887.5,8825.5,9
강남구,강남1동,2025-07,8538.6,8390.2,7
강남구,강남1동,2025-08,8430.0,8418.6,4
강남구,강남1동,2025-09,8350.2,8367.1,5
강남구,강남1동,2025-10,8121.2,8151.9,5
강남구,강남1동,2025-11,8243.6,8170.4,8
강남구,강남1동,2025-12,8342.2,8342.2,2
강남구,강남1동,2026-01,8058.0,8147.0,6
강남구,강남1동,2026-02,8189.0,8084.6,6
강남구,강남1동,2026-03,8429.2,8395.6,5
강남구,강남1동,2026-04,8467.9,8616.4,3
강남구,강남1동,2026-05,8160.7,8333.6,4
강남구,강남1동,2026-06,8611.5,8712.8,3
강남구,강남1동,2026-07,8627.2,8622.6,4
강남구,강남1동,2026-08,8316.6,8316.6,2
강남구,강남2동,2024-05,7841.4,7766.9,9
강남구,강남2동,2024-06,7863.5,7842.0,11
강남구,강남2동,2024-07,7796.4,7814.1,7
강남구,강남2동,2024-08,7741.8,7646.6,13
강남구,강남2동,2024-09,8158.2,8188.2,5
강남구,강남2동,2024-10,8171.8,8048.2,7
강남구,강남2동,2024-11,7830.7,7912.9,8
강남구,강남2동,2024-12,8323.0,8305.8,3
강남구,강남2동,2025-01,8080.1,7951.4,10
강남구,강남2동,2025-02,8232.0,8162.8,12
강남구,강남2동,2025-03,8125.8,8076.2,8
강남구,강남2동,2025-04,8176.8,8216.1,7
강남구,강남2동,2025-05,8005.2,8073.8,3
강남구,강남2동,2025-06,8772.2,8813.9,14
강남구,강남2동,2025-07,8259.5,8262.4,3
강남구,강남2동,2025-08,7951.2,7859.8,6
강남구,강남2동,2025-09,8171.1,8195.4,8
강남구,강남2동,2025-10,8666.8,8703.0,4
강남구,강남2동,2025-11,8484.4,8418.0,6
강남구,강남2동,2025-12,8308.3,8472.1,7
강남구,강남2동,2026-01,8309.6,8260.7,7
강남구,강남2동,2026-02,8053.3,7974.6,8
강남구,강남2동,2026-03,8392.2,8425.0,9
강남구,강남2동,2026-04,8575.0,8779.0,3
강남구,강남2동,2026-05,8222.2,8211.3,8
강남구,강남2동,2026-06,8336.2,8336.5,3
강남구,강남2동,2026-07,8359.1,8141.4,3
강남구,강남2동,2026-08,8061.3,8144.0,3
강동구,강동1동,2024-05,5689.8,5613.0,9
강동구,강동1동,2024-06,5740.5,5738.4,6
강동구,강동1동,2024-07,5780.1,5849.4,6
강동구,강동1동,2024-08,5697.4,5737.0,12
강동구,강동1동,2024-09,5504.9,5525.8,13
강동구,강동1동,2024-10,5671.5,5588.2,11
강동구,강동1동,2024-11,5704.4,5712.4,15
강동구,강동1동,2024-12,5631.9,5555.1,6
강동구,강동1동,2025-01,5874.8,5938.0,9
강동구,강동1동,2025-02,5958.8,5974.6,10
강동구,강동1동,2025-03,5644.7,5688.1,12
강동구,강동1동,2025-04,5976.4,5994.0,8
강동구,강동1동,2025-05,5988.1,5894.6,9
강동구,강동1동,2025-06,6319.8,6349.3,13
강동구,강동1동,2025-07,5934.4,5933.2,12
강동구,강동1동,2025-09,6323.5,6222.5,6
강동구,강동1동,2025-10,6067.2,6170.1,5
강동구,강동1동,2025-12,5935.7,5867.0,9
강동구,강동1동,2026-01,6348.1,6476.2,8
강동구,강동1동,2026-02,6019.1,6092.9,11
강동구,강동1동,2026-03,6181.9,6359.8,12
강동구,강동1동,2026-04,6231.5,6226.7,9
강동구,강동1동,2026-05,6316.3,6328.8,6
강동구,강동1동,2026-06,6250.1,6316.0,8
강동구,강동1동,2026-07,5917.5,5980.2,10
강동구,강동1동,2026-08,6177.4,6256.4,8
강동구,강동2동,2024-06,5730.2,5764.8,15
강동구,강동2동,2024-07,5872.5,5919.2,10
강동구,강동2동,2024-08,5663.2,5661.5,10
강동구,강동2동,2024-10,5729.8,5747.2,8
강동구,강동2동,2024-11,5837.9,5855.2,5
강동구,강동2동,2024-12,5863.1,5951.6,13
강동구,강동2동,2025-02,5815.7,5917.5,10
강동구,강동2동,2025-03,5580.0,5541.5,8
강동구,강동2동,2025-04,6166.3,6182.5,11
강동구,강동2동,2025-06,6344.0,6358.3,20
강동구,강동2동,2025-07,5918.5,5912.8,11
강동구,강동2동,2025-08,6026.7,6107.5,3
강동구,강동2동,2025-09,6194.6,6111.0,7
강동구,강동2동,2025-11,5997.7,5918.6,10
강동구,강동2동,2025-12,6295.5,6295.5,1
강동구,강동2동,2026-02,5927.5,5821.2,14
강동구,강동2동,2026-03,6061.1,6020.6,14
강동구,강동2동,2026-04,6083.1,6097.8,11
강동구,강동2동,2026-05,6200.3,6194.0,6
강동구,강동3동,2024-06,5702.5,5736.0,12
강동구,강동3동,2024-07,5834.0,5925.1,7
강동구,강동3동,2024-08,5840.6,5799.9,10
강동구,강동3동,2024-09,5538.5,5574.5,10
강동구,강동3동,2024-10,5748.7,5668.6,8
강동구,강동3동,2024-11,5875.9,5905.1,14
강동구,강동3동,2025-01,5639.0,5651.7,6
강동구,강동3동,2025-02,5874.3,5932.9,14
강동구,강동3동,2025-03,5622.6,5558.2,14
강동구,강동3동,2025-04,6068.8,5989.3,9
강동구,강동3동,2025-05,6115.7,6092.3,9
강동구,강동3동,2025-06,6293.5,6305.6,22
강동구,강동3동,2025-07,5848.0,5880.5,9
강동구,강동3동,2025-09,6173.4,6217.3,7
강동구,강동3동,2025-10,5929.1,6074.0,8
강동구,강동3동,2025-11,5943.9,5923.2,7
강동구,강동3동,2025-12,5989.6,5972.4,11
강동구,강동3동,2026-01,6192.5,6164.8,8
강동구,강동3동,2026-02,6193.3,6143.4,7
강동구,강동3동,2026-03,5993.8,6004.4,8
강동구,강동3동,2026-04,6074.4,6148.6,10
강동구,강동3동,2026-07,6173.5,6251.9,11
강동구,강동3동,2026-08,6217.5,6101.2,8
강동구,강동4동,2024-05,5657.9,5632.2,12
강동구,강동4동,2024-06,5638.2,5655.1,7
강동구,강동4동,2024-08,5790.5,5811.2,11
강동구,강동4동,2024-09,5508.0,5543.2,7
강동구,강동4동,2024-10,5734.9,5805.5,14
강동구,강동4동,2024-12,5785.4,5804.5,14
강동구,강동4동,2025-01,5761.6,5776.1,11
강동구,강동4동,2025-02,5886.3,5884.2,16
강동구,강동4동,2025-03,5579.1,5514.6,10
강동구,강동4동,2025-06,6256.4,6276.7,9
강동구,강동4동,2025-07,5973.8,5999.2,11
강동구,강동4동,2025-08,5927.0,6015.4,9
강동구,강동4동,2025-09,6419.6,6607.7,9
강동구,강동4동,2025-11,6162.8,6172.8,15
강동구,강동4동,2025-12,6059.7,6057.6,7
강동구,강동4동,2026-02,6075.6,6099.0,9
강동구,강동4동,2026-03,6133.4,6198.5,9
강동구,강동4동,2026-04,6136.6,6017.0,14
강동구,강동4동,2026-05,6140.9,6141.2,12
강동구,강동4동,2026-06,6025.0,5974.7,9
강동구,강동4동,2026-07,6002.0,6100.8,9
강동구,강동4동,2026-08,6253.3,6200.0,9
강북구,강북1동,2024-05,4982.7,4968.3,13
강북구,강북1동,2024-06,5138.3,5087.3,9
강북구,강북1동,2024-07,4868.4,4935.4,8
강북구,강북1동,2024-08,4868.7,4870.8,6
강북구,강북1동,2024-09,4888.7,4895.0,15
강북구,강북1동,2024-10,5022.1,5011.2,6
강북구,강북1동,2024-11,4995.1,4976.1,17
강북구,강북1동,2024-12,4874.1,4845.3,5
강북구,강북1동,2025-01,4989.2,4965.8,12
강북구,강북1동,2025-02,5039.5,4994.4,13
강북구,강북1동,2025-03,5238.3,5167.7,11
강북구,강북1동,2025-04,4904.9,4812.7,7
강북구,강북1동,2025-05,5078.4,5058.5,8
강북구,강북1동,2025-06,5478.7,5509.3,14
강북구,강북1동,2025-07,5076.7,5011.4,10
강북구,강북1동,2025-08,5002.2,5103.4,5
강북구,강북1동,2025-09,5129.0,5070.0,12
강북구,강북1동,2025-10,5182.2,5159.0,8
강북구,강북1동,2025-11,5149.8,5143.4,13
강북구,강북1동,2025-12,4847.2,4922.8,8
강북구,강북1동,2026-01,5014.0,5025.6,9
강북구,강북1동,2026-02,5197.2,5114.4,7
강북구,강북1동,2026-03,5191.2,5157.4,12
강북구,강북1동,2026-04,5253.7,5303.2,4
강북구,강북1동,2026-05,5082.7,5072.8,5
강북구,강북1동,2026-06,4950.9,4991.4,8
강북구,강북1동,2026-07,5281.4,5416.1,7
강북구,강북1동,2026-08,5361.1,5326.6,7
강북구,강북2동,2024-05,4883.4,4912.4,6
강북구,강북2동,2024-06,5021.5,5037.2,10
강북구,강북2동,2024-07,5000.6,4950.5,11
강북구,강북2동,2024-08,5146.8,5132.6,8
강북구,강북2동,2024-09,4986.4,4980.4,10
강북구,강북2동,2024-10,4933.6,4932.1,7
강북구,강북2동,2024-11,5143.5,5184.8,12
강북구,강북2동,2024-12,5045.4,4999.6,5
강북구,강북2동,2025-01,5074.0,5051.2,10
강북구,강북2동,2025-02,4992.1,5081.9,11
강북구,강북2동,2025-03,5282.3,5331.4,4
강북구,강북2동,2025-04,5041.5,4960.2,6
강북구,강북2동,2025-05,5145.3,5138.6,12
강북구,강북2동,2025-06,5544.5,5559.4,10
강북구,강북2동,2025-07,5107.5,5107.3,10
강북구,강북2동,2025-08,5084.5,5143.4,8
강북구,강북2동,2025-09,5138.9,5148.8,12
강북구,강북2동,2025-10,5244.4,5278.1,11
강북구,강북2동,2025-11,4979.2,5021.8,6
강북구,강북2동,2025-12,5102.5,5105.8,8
강북구,강북2동,2026-01,5090.2,5058.6,11
강북구,강북2동,2026-02,5051.5,5038.6,9
강북구,강북2동,2026-03,5153.5,5165.4,14
강북구,강북2동,2026-04,5267.0,5295.3,13
강북구,강북2동,2026-05,5060.1,4987.1,9
강북구,강북2동,2026-06,5133.5,5161.7,13
강북구,강북2동,2026-07,5258.5,5226.8,10
강북구,강북2동,2026-08,5330.4,5357.5,9
강서구,강서1동,2024-05,5579.0,5590.8,6
강서구,강서1동,2024-06,5812.9,5832.7,8
강서구,강서1동,2024-08,6084.4,6154.0,8
강서구,강서1동,2024-09,5688.4,5639.7,9
강서구,강서1동,2024-10,5581.1,5511.9,4
강서구,강서1동,2024-11,5716.4,5726.8,8
강서구,강서1동,2024-12,5469.0,5356.9,13
강서구,강서1동,2025-01,6027.6,6066.0,5
강서구,강서1동,2025-02,5686.4,5683.8,12
강서구,강서1동,2025-03,5529.6,5550.4,10
강서구,강서1동,2025-04,5560.6,5560.8,8
강서구,강서1동,2025-05,5607.0,5635.5,11
강서구,강서1동,2025-06,6177.6,6118.6,10
강서구,강서1동,2025-07,5706.1,5782.0,7
강서구,강서1동,2025-08,5836.6,5805.8,14
강서구,강서1동,2025-09,5969.0,6026.8,12
강서구,강서1동,2025-10,5790.6,5778.6,10
강서구,강서1동,2025-11,5965.2,6009.9,9
강서구,강서1동,2025-12,5631.2,5523.6,6
강서구,강서1동,2026-01,5550.2,5430.9,6
강서구,강서1동,2026-02,5629.8,5661.6,9
강서구,강서1동,2026-03,5870.0,5694.6,5
강서구,강서1동,2026-06,5940.2,5971.5,6
강서구,강서1동,2026-07,5805.5,5837.9,13
강서구,강서1동,2026-08,5979.1,6001.6,8
강서구,강서2동,2024-05,5698.1,5717.9,10
강서구,강서2동,2024-06,5630.2,5663.9,6
강서구,강서2동,2024-07,5801.3,5842.6,6
강서구,강서2동,2024-08,5967.8,5945.2,6
강서구,강서2동,2024-09,5778.6,5706.6,8
강서구,강서2동,2024-10,5688.9,5652.0,7
강서구,강서2동,2024-11,5585.7,5656.8,10
강서구,강서2동,2024-12,5605.4,5641.6,10
강서구,강서2동,2025-01,5936.1,5954.8,16
강서구,강서2동,2025-02,5712.3,5710.0,6
강서구,강서2동,2025-03,5642.8,5709.6,11
강서구,강서2동,2025-04,5745.2,5688.3,9
강서구,강서2동,2025-07,5685.7,5704.5,5
강서구,강서2동,2025-08,5784.6,5819.2,6
강서구,강서2동,2025-09,5761.0,5728.4,10
강서구,강서2동,2025-10,5759.2,5732.0,13
강서구,강서2동,2025-11,5794.2,5755.5,9
강서구,강서2동,2025-12,5758.2,5690.0,8
강서구,강서2동,2026-01,6006.4,6210.0,8
강서구,강서2동,2026-02,5615.2,5594.9,10
강서구,강서2동,2026-03,5950.3,6037.2,7
강서구,강서2동,2026-04,5670.2,5636.2,8
강서구,강서2동,2026-05,5956.7,5894.2,11
강서구,강서2동,2026-08,5983.3,5975.8,12
강서구,강서3동,2024-05,5772.0,5862.6,9
강서구,강서3동,2024-07,6100.8,6175.7,9
강서구,강서3동,2024-08,5893.5,5922.1,5
강서구,강서3동,2024-09,5504.5,5460.0,10
강서구,강서3동,2024-10,5689.7,5638.6,7
강서구,강서3동,2024-12,5917.4,6020.8,9
강서구,강서3동,2025-01,5931.2,5994.6,9
강서구,강서3동,2025-02,5714.3,5799.9,8
강서구,강서3동,2025-03,5674.1,5646.4,8
강서구,강서3동,2025-04,5673.3,5733.4,8
강서구,강서3동,2025-05,5569.4,5523.4,11
강서구,강서3동,2025-06,6195.5,6276.7,5
강서구,강서3동,2025-07,5722.5,5702.2,10
강서구,강서3동,2025-08,5710.9,5698.4,11
강서구,강서3동,2025-10,5869.2,5835.6,8
강서구,강서3동,2025-11,5499.6,5499.6,2
강서구,강서3동,2026-01,5944.3,5926.1,3
강서구,강서3동,2026-02,5819.4,5767.6,10
강서구,강서3동,2026-03,5841.2,5844.9,11
강서구,강서3동,2026-04,5768.7,5780.2,15
강서구,강서3동,2026-05,6001.6,6055.2,14
강서구,강서3동,2026-06,5739.3,5756.0,8
강서구,강서3동,2026-07,5920.4,5935.2,16
관악구,관악1동,2024-05,8205.2,8105.0,8
관악구,관악1동,2024-06,8546.8,8608.6,10
관악구,관악1동,2024-07,8598.3,8532.0,5
관악구,관악1동,2024-08,8036.2,7741.5,8
관악구,관악1동,2024-09,8212.4,8328.3,10
관악구,관악1동,2024-10,8170.4,8071.8,8
관악구,관악1동,2024-11,8037.3,8078.0,9
관악구,관악1동,2024-12,8260.8,8395.6,7
관악구,관악1동,2025-01,8679.8,8533.1,7
관악구,관악1동,2025-02,8990.2,8785.9,5
관악구,관악1동,2025-04,8624.2,8657.8,11
관악구,관악1동,2025-05,8695.1,8705.2,6
관악구,관악1동,2025-06,9273.0,9382.8,11
관악구,관악1동,2025-08,8982.6,9120.2,6
관악구,관악1동,2025-09,8230.0,8145.2,9
관악구,관악1동,2025-11,8804.0,8716.1,6
관악구,관악1동,2025-12,8592.9,8513.6,11
관악구,관악1동,2026-01,8574.3,8606.3,13
관악구,관악1동,2026-03,8171.1,7797.3,7
관악구,관악1동,2026-04,9065.3,9086.4,6
관악구,관악1동,2026-05,8527.1,8628.3,3
관악구,관악1동,2026-06,8564.8,8581.3,14
관악구,관악1동,2026-08,8761.5,8803.2,12
관악구,관악2동,2024-05,8297.5,8264.2,14
관악구,관악2동,2024-06,8292.2,8269.7,6
관악구,관악2동,2024-07,8724.9,8820.2,11
관악구,관악2동,2024-08,8191.6,8154.0,6
관악구,관악2동,2024-10,8437.2,8396.8,12
관악구,관악2동,2024-11,8204.3,8187.4,9
관악구,관악2동,2025-01,8408.8,8322.6,11
관악구,관악2동,2025-02,8491.5,8379.3,8
관악구,관악2동,2025-03,8367.2,8224.5,9
관악구,관악2동,2025-04,8437.3,8473.1,13
관악구,관악2동,2025-05,8694.1,8818.8,11
관악구,관악2동,2025-06,8954.5,8897.6,8
관악구,관악2동,2025-07,8734.2,8696.8,14
관악구,관악2동,2025-08,9045.6,9086.0,10
관악구,관악2동,2025-09,8428.7,8501.2,7
관악구,관악2동,2025-10,8306.9,8249.0,10
관악구,관악2동,2025-11,9029.5,9019.5,11
관악구,관악2동,2025-12,8662.5,8721.4,15
관악구,관악2동,2026-01,8808.9,8962.7,8
관악구,관악2동,2026-02,8628.9,8624.1,13
관악구,관악2동,2026-03,8491.7,8597.2,8
관악구,관악2동,2026-06,8714.7,8664.9,15
관악구,관악2동,2026-07,8745.4,8719.5,12
관악구,관악2동,2026-08,8932.5,8976.9,8
관악구,관악3동,2024-07,8789.5,8750.1,14
관악구,관악3동,2024-08,8537.8,8505.0,15
관악구,관악3동,2024-09,8407.8,8393.5,13
관악구,관악3동,2024-10,8558.2,8701.7,10
관악구,관악3동,2024-11,8283.1,8285.2,6
관악구,관악3동,2024-12,8006.0,7928.7,8
관악구,관악3동,2025-01,8592.5,8557.0,6
관악구,관악3동,2025-02,8502.0,8533.8,12
관악구,관악3동,2025-03,8513.7,8466.5,8
관악구,관악3동,2025-04,8683.7,8654.2,12
관악구,관악3동,2025-05,8786.2,8811.3,6
관악구,관악3동,2025-07,8526.7,8539.2,7
관악구,관악3동,2025-08,8760.1,8728.1,11
관악구,관악3동,2025-09,8400.4,8518.4,9
관악구,관악3동,2025-10,8356.8,8373.3,6
관악구,관악3동,2025-11,8785.0,8772.6,15
관악구,관악3동,2025-12,8621.9,8591.0,14
관악구,관악3동,2026-01,8512.3,8508.2,9
관악구,관악3동,2026-02,8313.4,8332.6,4
관악구,관악3동,2026-03,8496.5,8416.3,7
관악구,관악3동,2026-04,8802.9,8802.9,2
관악구,관악3동,2026-05,8526.2,8604.0,7
관악구,관악3동,2026-07,8943.9,9013.2,15
광진구,광진1동,2024-05,6980.0,7021.0,7
광진구,광진1동,2024-06,6873.2,7013.4,9
광진구,광진1동,2024-07,7081.1,7010.2,12
광진구,광진1동,2024-09,7093.2,7098.0,6
광진구,광진1동,2024-10,6899.2,6800.4,6
광진구,광진1동,2024-11,7138.2,7045.3,8
광진구,광진1동,2025-01,7289.2,7380.8,13
광진구,광진1동,2025-03,6939.6,7032.4,12
광진구,광진1동,2025-05,7378.3,7470.1,5
광진구,광진1동,2025-06,7783.7,7706.1,3
광진구,광진1동,2025-07,7318.1,7385.0,10
광진구,광진1동,2025-08,7173.2,7261.1,7
광진구,광진1동,2025-10,7444.3,7351.1,5
광진구,광진1동,2025-11,7223.9,7160.8,5
광진구,광진1동,2025-12,7473.4,7560.6,10
광진구,광진1동,2026-01,7207.3,7180.0,5
광진구,광진1동,2026-02,7748.6,7748.6,2
광진구,광진1동,2026-03,7727.6,7775.2,5
광진구,광진1동,2026-05,7490.9,7618.3,7
광진구,광진1동,2026-06,7559.6,7583.8,8
광진구,광진1동,2026-07,7579.1,7592.0,8
광진구,광진2동,2024-05,6900.6,6937.2,7
광진구,광진2동,2024-06,7198.4,7200.6,10
광진구,광진2동,2024-07,6974.4,7065.8,10
광진구,광진2동,2024-08,6892.4,6845.4,4
광진구,광진2동,2024-09,6843.0,6840.0,5
광진구,광진2동,2024-10,6950.0,6923.0,12
광진구,광진2동,2024-12,7205.9,7162.4,6
광진구,광진2동,2025-01,7320.0,7383.5,10
광진구,광진2동,2025-02,7073.8,7169.3,14
광진구,광진2동,2025-03,6820.5,6820.6,6
광진구,광진2동,2025-04,7437.8,7556.4,8
광진구,광진2동,2025-05,7334.0,7362.3,5
광진구,광진2동,2025-06,7796.5,7818.6,12
광진구,광진2동,2025-07,7238.8,7105.7,11
광진구,광진2동,2025-08,7224.0,7270.0,10
광진구,광진2동,2025-09,7350.8,7389.5,8
광진구,광진2동,2025-10,7547.8,7497.8,11
광진구,광진2동,2025-12,7502.3,7581.2,10
광진구,광진2동,2026-01,7481.3,7455.6,4
광진구,광진2동,2026-02,7570.2,7640.9,6
광진구,광진2동,2026-03,7613.6,7642.8,13
광진구,광진2동,2026-04,7299.4,7241.2,6
광진구,광진2동,2026-05,7468.9,7549.6,5
광진구,광진2동,2026-06,7456.4,7428.4,12
광진구,광진2동,2026-07,7546.0,7486.8,3
광진구,광진2동,2026-08,7615.6,7475.4,7
광진구,광진3동,2024-06,6913.3,6964.6,4
광진구,광진3동,2024-08,7107.0,7073.1,11
광진구,광진3동,2024-10,7051.5,7017.6,10
광진구,광진3동,2024-11,7103.1,7198.3,9
광진구,광진3동,2024-12,7180.3,7150.7,18
광진구,광진3동,2025-01,7414.6,7429.7,9
광진구,광진3동,2025-02,6899.2,7079.0,7
광진구,광진3동,2025-03,7166.3,7258.6,8
광진구,광진3동,2025-04,7217.7,7360.7,7
광진구,광진3동,2025-06,7908.4,7899.7,9
광진구,광진3동,2025-07,7216.6,7123.8,14
광진구,광진3동,2025-08,7332.5,7356.7,9
광진구,광진3동,2025-09,7384.6,7342.6,13
광진구,광진3동,2025-10,7526.3,7558.2,11
광진구,광진3동,2025-11,7246.8,7181.5,7
광진구,광진3동,2025-12,7569.2,7514.8,14
광진구,광진3동,2026-01,7533.6,7487.8,13
광진구,광진3동,2026-02,7447.0,7623.4,7
광진구,광진3동,2026-04,7080.6,7013.6,13
광진구,광진3동,2026-05,7411.9,7454.0,6
광진구,광진3동,2026-06,7331.9,7369.0,8
광진구,광진3동,2026-07,7548.6,7629.8,13
광진구,광진3동,2026-08,7950.6,7964.9,5
구로구,구로1동,2024-05,7676.8,7809.2,13
구로구,구로1동,2024-06,7607.2,7557.6,13
구로구,구로1동,2024-08,7800.5,7853.0,4
구로구,구로1동,2024-11,8152.5,8112.3,6
구로구,구로1동,2024-12,7640.5,7731.2,8
구로구,구로1동,2025-01,7481.2,7458.5,8
구로구,구로1동,2025-02,7629.8,7595.7,13
구로구,구로1동,2025-03,7551.8,7549.0,10
구로구,구로1동,2025-04,7601.4,7743.5,8
구로구,구로1동,2025-05,7695.4,7622.4,6
구로구,구로1동,2025-06,8440.0,8487.6,11
구로구,구로1동,2025-07,7432.7,7413.8,13
구로구,구로1동,2025-08,7869.7,8011.5,13
구로구,구로1동,2025-09,7906.8,7864.6,14
구로구,구로1동,2025-10,7633.0,7603.3,9
구로구,구로1동,2025-11,7728.1,7687.6,8
구로구,구로1동,2025-12,8048.0,8030.2,8
구로구,구로1동,2026-01,7911.2,7990.8,12
구로구,구로1동,2026-02,7771.0,7575.0,13
구로구,구로1동,2026-03,7480.1,7419.0,6
구로구,구로1동,2026-05,7552.6,7536.1,5
구로구,구로1동,2026-06,7812.5,7657.1,9
구로구,구로1동,2026-07,7722.3,7787.4,8
구로구,구로1동,2026-08,7590.9,7658.3,6
구로구,구로2동,2024-05,7975.9,7998.6,10
구로구,구로2동,2024-06,7835.3,7651.0,6
구로구,구로2동,2024-08,7780.8,7877.7,7
구로구,구로2동,2024-09,7921.2,7894.4,6
구로구,구로2동,2024-11,7881.6,7929.2,11
구로구,구로2동,2025-02,7598.5,7692.7,10
구로구,구로2동,2025-03,7836.2,7858.4,6
구로구,구로2동,2025-05,7286.4,7316.4,4
구로구,구로2동,2025-06,8276.1,8392.3,5
구로구,구로2동,2025-07,7729.4,7724.8,5
구로구,구로2동,2025-08,8016.4,8006.8,10
구로구,구로2동,2025-09,7852.2,7830.4,8
구로구,구로2동,2025-10,7847.2,7817.2,10
구로구,구로2동,2025-12,8029.1,8103.1,7
구로구,구로2동,2026-01,7763.5,7769.0,6
구로구,구로2동,2026-04,8223.5,8222.6,5
구로구,구로2동,2026-05,7538.9,7453.4,8
구로구,구로2동,2026-06,8022.6,8004.2,14
구로구,구로2동,2026-08,7659.6,7517.8,9
구로구,구로3동,2024-05,7618.0,7563.1,9
구로구,구로3동,2024-06,7568.5,7552.0,6
구로구,구로3동,2024-07,7652.9,7601.9,11
구로구,구로3동,2024-08,7866.6,7891.6,11
구로구,구로3동,2024-10,7638.2,7657.3,11
구로구,구로3동,2024-12,7760.1,7807.0,8
구로구,구로3동,2025-02,7492.0,7354.0,13
구로구,구로3동,2025-04,7612.4,7654.6,8
구로구,구로3동,2025-05,7562.2,7587.7,9
구로구,구로3동,2025-06,8445.0,8468.0,8
구로구,구로3동,2025-07,7507.6,7497.9,15
구로구,구로3동,2025-08,7790.4,7839.9,6
구로구,구로3동,2025-10,7650.3,7699.8,7
구로구,구로3동,2026-02,7979.5,8097.0,8
구로구,구로3동,2026-05,7878.7,7779.1,11
구로구,구로3동,2026-06,7903.3,7930.8,10
구로구,구로3동,2026-07,7720.4,7765.6,8
구로구,구로4동,2024-05,7758.3,7788.6,13
구로구,구로4동,2024-06,7800.2,7704.8,8
구로구,구로4동,2024-07,7734.5,7558.5,11
구로구,구로4동,2024-08,7771.6,7663.9,17
구로구,구로4동,2024-09,7880.6,7875.6,12
구로구,구로4동,2024-10,7666.8,7757.6,6
구로구,구로4동,2024-11,7909.9,8071.4,12
구로구,구로4동,2024-12,7583.5,7639.8,12
구로구,구로4동,2025-01,7491.2,7374.4,8
구로구,구로4동,2025-03,7436.4,7510.8,3
구로구,구로4동,2025-05,7570.6,7486.8,16
구로구,구로4동,2025-06,8324.7,8343.1,7
구로구,구로4동,2025-07,7520.9,7504.1,11
구로구,구로4동,2025-08,7914.6,7873.6,8
구로구,구로4동,2025-10,7938.2,7918.2,18
구로구,구로4동,2025-11,7591.5,7468.8,10
구로구,구로4동,2026-01,8077.1,8013.0,9
구로구,구로4동,2026-02,7621.3,7497.6,10
구로구,구로4동,2026-03,7811.6,7937.2,10
구로구,구로4동,2026-04,7693.1,7772.6,11
구로구,구로4동,2026-05,7486.6,7485.4,4
구로구,구로4동,2026-06,7928.9,7941.2,10
구로구,구로4동,2026-08,7555.3,7437.2,7
금천구,금천1동,2024-05,8965.5,9064.6,6
금천구,금천1동,2024-06,9010.8,9005.6,9
금천구,금천1동,2024-07,9298.2,9296.0,4
금천구,금천1동,2024-08,8930.9,9042.3,10
금천구,금천1동,2024-09,9061.8,9029.8,10
금천구,금천1동,2024-10,8921.1,8887.8,11
금천구,금천1동,2024-11,8617.4,8740.6,10
금천구,금천1동,2024-12,8966.6,9060.5,12
금천구,금천1동,2025-01,8907.2,8894.0,8
금천구,금천1동,2025-02,8891.1,8839.7,9
금천구,금천1동,2025-03,8511.0,8550.8,7
금천구,금천1동,2025-04,9091.6,9062.7,15
금천구,금천1동,2025-05,9074.2,8995.4,8
금천구,금천1동,2025-06,9952.5,10139.1,7
금천구,금천1동,2025-07,9334.5,9379.0,10
금천구,금천1동,2025-08,8866.5,8896.7,9
금천구,금천1동,2025-09,8878.0,8797.6,4
금천구,금천1동,2025-10,8900.4,8951.6,8
금천구,금천1동,2025-11,8859.6,8623.2,10
금천구,금천1동,2025-12,8565.7,8513.6,11
금천구,금천1동,2026-01,8766.1,8690.0,6
금천구,금천1동,2026-02,8812.2,8855.5,7
금천구,금천1동,2026-03,9166.7,9196.1,7
금천구,금천1동,2026-04,9134.3,9170.0,15
금천구,금천1동,2026-05,9220.8,9293.0,6
금천구,금천1동,2026-06,8961.6,8786.9,9
금천구,금천1동,2026-07,8867.3,8913.7,5
금천구,금천1동,2026-08,9259.0,9449.8,7
금천구,금천2동,2024-05,8920.4,8903.0,9
금천구,금천2동,2024-06,9176.0,9358.1,7
금천구,금천2동,2024-07,8861.4,8925.3,11
금천구,금천2동,2024-08,9242.3,9129.6,8
금천구,금천2동,2024-09,8955.4,8889.7,6
금천구,금천2동,2024-10,8610.9,8625.8,9
금천구,금천2동,2024-11,8573.4,8573.4,2
금천구,금천2동,2024-12,8731.9,8734.4,7
금천구,금천2동,2025-01,9120.2,9002.7,5
금천구,금천2동,2025-02,8777.1,8812.2,10
금천구,금천2동,2025-03,8929.7,8884.4,8
금천구,금천2동,2025-04,8817.7,8795.8,13
금천구,금천2동,2025-05,8809.1,8673.8,7
금천구,금천2동,2025-06,9609.6,9664.8,9
금천구,금천2동,2025-07,9665.7,9736.9,8
금천구,금천2동,2025-08,9107.1,9016.2,6
금천구,금천2동,2025-09,9138.7,9143.1,6
금천구,금천2동,2025-10,9125.9,9369.1,5
금천구,금천2동,2025-11,8875.4,8801.1,23
금천구,금천2동,2025-12,8668.0,8591.4,12
금천구,금천2동,2026-01,8939.0,8966.0,12
금천구,금천2동,2026-02,9129.7,9183.5,12
금천구,금천2동,2026-03,9092.8,8935.0,9
금천구,금천2동,2026-04,8913.2,9138.4,10
금천구,금천2동,2026-05,9423.1,9488.7,14
금천구,금천2동,2026-06,9394.3,9307.9,11
금천구,금천2동,2026-07,8689.5,8663.8,10
금천구,금천2동,2026-08,9309.6,9211.6,8
노원구,노원1동,2024-05,6736.9,6678.0,9
노원구,노원1동,2024-06,6704.4,6764.6,10
노원구,노원1동,2024-07,6621.1,6646.8,8
노원구,노원1동,2024-08,6936.1,6993.8,13
노원구,노원1동,2024-09,6590.7,6620.4,10
노원구,노원1동,2024-10,6772.2,6764.4,8
노원구,노원1동,2024-11,6879.1,6841.8,10
노원구,노원1동,2024-12,7023.2,6869.3,3
노원구,노원1동,2025-01,6735.8,6774.4,7
노원구,노원1동,2025-02,6736.4,6738.2,11
노원구,노원1동,2025-03,6332.1,6364.1,7
노원구,노원1동,2025-04,6997.5,7161.6,7
노원구,노원1동,2025-05,7069.2,7096.5,15
노원구,노원1동,2025-06,7408.7,7442.2,9
노원구,노원1동,2025-07,6959.3,6900.6,8
노원구,노원1동,2025-08,6851.7,6894.1,8
노원구,노원1동,2025-09,6815.2,6786.2,9
노원구,노원1동,2025-10,6719.5,6715.7,10
노원구,노원1동,2025-11,6932.9,6915.4,8
노원구,노원1동,2025-12,7142.2,7153.2,15
노원구,노원1동,2026-01,7056.5,7111.6,14
노원구,노원1동,2026-02,6899.0,6877.4,4
노원구,노원1동,2026-03,7169.9,7120.5,7
노원구,노원1동,2026-04,6897.0,7010.1,11
노원구,노원1동,2026-05,7119.8,7095.2,10
노원구,노원1동,2026-06,7105.7,7261.9,7
노원구,노원1동,2026-07,7238.1,7282.9,5
노원구,노원1동,2026-08,7159.6,7237.7,7
노원구,노원2동,2024-05,6724.8,6850.4,9
노원구,노원2동,2024-06,6703.5,6698.7,10
노원구,노원2동,2024-07,6666.0,6626.6,14
노원구,노원2동,2024-08,6781.5,6780.5,11
노원구,노원2동,2024-09,6616.0,6609.4,10
노원구,노원2동,2024-10,6817.3,6875.8,16
노원구,노원2동,2024-11,6876.1,6917.8,14
노원구,노원2동,2024-12,7017.2,6902.8,11
노원구,노원2동,2025-01,6904.1,6976.9,10
노원구,노원2동,2025-02,6713.6,6617.0,5
노원구,노원2동,2025-03,6550.2,6523.5,8
노원구,노원2동,2025-04,7152.9,7145.6,11
노원구,노원2동,2025-05,7232.6,7223.8,14
노원구,노원2동,2025-06,7602.2,7617.1,11
노원구,노원2동,2025-07,7113.8,6983.9,5
노원구,노원2동,2025-08,6978.4,6969.4,8
노원구,노원2동,2025-09,7190.6,7190.6,1
노원구,노원2동,2025-10,6820.4,6818.9,12
노원구,노원2동,2025-11,6787.4,6807.5,4
노원구,노원2동,2025-12,7171.7,7262.4,10
노원구,노원2동,2026-01,7061.6,7080.7,11
노원구,노원2동,2026-02,7226.5,7203.2,14
노원구,노원2동,2026-03,7157.4,7198.1,13
노원구,노원2동,2026-04,6978.8,6905.4,4
노원구,노원2동,2026-05,6993.2,7049.4,8
노원구,노원2동,2026-06,7046.3,7046.6,12
노원구,노원2동,2026-07,6829.4,6701.4,3
노원구,노원2동,2026-08,6917.4,6904.7,12
도봉구,도봉1동,2024-05,7406.9,7362.5,8
도봉구,도봉1동,2024-06,7683.5,7769.3,15
도봉구,도봉1동,2024-07,7585.3,7563.4,7
도봉구,도봉1동,2024-08,7604.2,7626.1,15
도봉구,도봉1동,2024-09,7985.0,7970.4,10
도봉구,도봉1동,2024-11,7859.4,7867.6,12
도봉구,도봉1동,2024-12,7584.6,7487.2,8
도봉구,도봉1동,2025-01,7948.7,8000.1,12
도봉구,도봉1동,2025-03,7772.1,7737.5,9
도봉구,도봉1동,2025-04,7685.6,7578.6,8
도봉구,도봉1동,2025-06,8284.3,8366.7,14
도봉구,도봉1동,2025-08,7452.1,7430.3,8
도봉구,도봉1동,2025-09,7610.5,7558.2,17
도봉구,도봉1동,2025-10,7655.4,7641.6,15
도봉구,도봉1동,2025-11,7749.4,7849.6,5
도봉구,도봉1동,2026-01,7857.4,7865.6,20
도봉구,도봉1동,2026-02,8113.6,8110.6,10
도봉구,도봉1동,2026-03,7554.4,7533.9,9
도봉구,도봉1동,2026-04,7791.6,7687.2,6
도봉구,도봉1동,2026-05,8098.9,8206.5,7
도봉구,도봉1동,2026-07,7766.6,7772.3,8
도봉구,도봉1동,2026-08,7931.3,7957.8,10
도봉구,도봉2동,2024-05,7254.2,7201.4,10
도봉구,도봉2동,2024-08,8082.7,8082.7,1
도봉구,도봉2동,2024-09,8174.5,8174.5,2
도봉구,도봉2동,2024-10,7515.8,7487.3,9
도봉구,도봉2동,2024-12,7537.5,7551.2,8
도봉구,도봉2동,2025-01,7481.4,7404.8,8
도봉구,도봉2동,2025-03,7495.0,7419.6,11
도봉구,도봉2동,2025-04,7636.3,7534.5,12
도봉구,도봉2동,2025-05,7692.3,7734.9,7
도봉구,도봉2동,2025-06,8213.8,8234.8,20
도봉구,도봉2동,2025-07,7727.2,7787.2,12
도봉구,도봉2동,2025-08,7602.4,7661.6,8
도봉구,도봉2동,2025-09,7700.3,7717.1,5
도봉구,도봉2동,2025-11,8126.8,8288.7,8
도봉구,도봉2동,2026-01,8106.0,7984.3,9
도봉구,도봉2동,2026-02,7941.3,7954.2,4
도봉구,도봉2동,2026-04,7842.6,7637.6,11
도봉구,도봉2동,2026-05,7972.8,7938.3,10
도봉구,도봉2동,2026-08,7643.3,7509.5,5
도봉구,도봉3동,2024-06,7629.9,7480.4,9
도봉구,도봉3동,2024-08,7423.0,7403.6,9
도봉구,도봉3동,2024-09,7657.3,7423.2,7
도봉구,도봉3동,2024-10,7670.5,7662.9,12
도봉구,도봉3동,2024-12,7730.8,7719.7,9
도봉구,도봉3동,2025-01,7661.1,7777.8,7
도봉구,도봉3동,2025-02,7359.0,7323.4,9
도봉구,도봉3동,2025-03,7749.8,7821.9,7
도봉구,도봉3동,2025-04,7667.6,7685.9,11
도봉구,도봉3동,2025-06,8212.0,8110.8,11
도봉구,도봉3동,2025-07,7706.9,7753.3,9
도봉구,도봉3동,2025-09,7712.5,7824.7,7
도봉구,도봉3동,2025-11,8134.0,8042.8,5
도봉구,도봉3동,2025-12,7822.9,7945.9,10
도봉구,도봉3동,2026-01,7807.8,7894.9,9
도봉구,도봉3동,2026-04,7581.3,7643.0,6
도봉구,도봉3동,2026-05,8071.1,7944.8,3
도봉구,도봉3동,2026-06,7670.3,7511.8,10
도봉구,도봉4동,2024-05,7208.1,7112.0,5
도봉구,도봉4동,2024-06,7263.6,7290.1,7
도봉구,도봉4동,2024-07,7636.6,7651.3,4
도봉구,도봉4동,2024-08,7569.7,7534.7,16
도봉구,도봉4동,2024-09,7808.6,7702.2,9
도봉구,도봉4동,2024-10,7558.2,7669.5,12
도봉구,도봉4동,2024-11,7772.2,7728.4,3
도봉구,도봉4동,2024-12,7716.5,7713.8,6
도봉구,도봉4동,2025-01,7917.6,8077.5,9
도봉구,도봉4동,2025-02,7581.7,7613.1,9
도봉구,도봉4동,2025-04,7624.8,7656.0,9
도봉구,도봉4동,2025-05,7776.9,7766.6,10
도봉구,도봉4동,2025-06,8309.2,8382.2,15
도봉구,도봉4동,2025-08,7568.6,7556.8,9
도봉구,도봉4동,2025-09,7809.4,7832.8,12
도봉구,도봉4동,2025-10,7521.6,7514.4,10
도봉구,도봉4동,2025-11,7887.2,7737.1,7
도봉구,도봉4동,2025-12,7697.0,7662.4,11
도봉구,도봉4동,2026-01,7961.0,8042.7,10
도봉구,도봉4동,2026-02,8017.5,8090.7,9
도봉구,도봉4동,2026-03,7841.6,7758.1,9
도봉구,도봉4동,2026-04,7856.8,7868.0,6
도봉구,도봉4동,2026-05,7853.9,7830.6,12
도봉구,도봉4동,2026-06,7746.1,7895.4,5
도봉구,도봉4동,2026-07,7752.5,7660.4,9
도봉구,도봉4동,2026-08,7869.2,7976.8,10
동대문구,동대문1동,2024-05,3828.6,3817.4,9
동대문구,동대문1동,2024-06,3707.7,3707.4,11
동대문구,동대문1동,2024-08,3656.3,3610.7,8
동대문구,동대문1동,2024-11,3802.4,3761.9,10
동대문구,동대문1동,2024-12,3993.4,4041.1,9
동대문구,동대문1동,2025-01,3791.4,3815.7,9
동대문구,동대문1동,2025-02,3846.4,3856.1,12
동대문구,동대문1동,2025-04,4053.2,4106.8,4
동대문구,동대문1동,2025-05,3891.6,3888.4,8
동대문구,동대문1동,2025-07,4016.8,4041.0,8
동대문구,동대문1동,2025-08,3999.3,3983.2,16
동대문구,동대문1동,2025-09,3771.6,3771.6,1
동대문구,동대문1동,2025-10,3884.1,3845.4,6
동대문구,동대문1동,2025-12,3977.5,3884.9,5
동대문구,동대문1동,2026-02,4037.5,4084.6,5
동대문구,동대문1동,2026-03,3847.0,3750.3,3
동대문구,동대문1동,2026-04,3985.2,3919.2,9
동대문구,동대문1동,2026-05,3920.9,3974.9,9
동대문구,동대문1동,2026-07,4067.8,4031.7,8
동대문구,동대문1동,2026-08,3802.1,3771.2,8
동대문구,동대문2동,2024-05,3750.6,3778.0,8
동대문구,동대문2동,2024-06,3746.0,3815.2,8
동대문구,동대문2동,2024-07,3763.0,3733.9,9
동대문구,동대문2동,2024-08,3802.7,3778.2,11
동대문구,동대문2동,2024-10,3823.9,3853.4,8
동대문구,동대문2동,2024-11,3719.7,3797.4,9
동대문구,동대문2동,2024-12,3882.6,3928.4,10
동대문구,동대문2동,2025-01,3806.0,3698.8,5
동대문구,동대문2동,2025-02,3758.4,3791.6,8
동대문구,동대문2동,2025-03,3921.8,3903.3,9
동대문구,동대문2동,2025-04,3854.7,3888.8,11
동대문구,동대문2동,2025-06,4127.8,4181.3,18
동대문구,동대문2동,2025-07,3980.3,3994.2,10
동대문구,동대문2동,2025-08,4091.3,4139.1,12
동대문구,동대문2동,2025-09,3768.3,3796.0,13
동대문구,동대문2동,2026-01,3973.4,3920.5,9
동대문구,동대문2동,2026-03,3867.1,3912.0,12
동대문구,동대문2동,2026-05,4025.0,4029.4,8
동대문구,동대문2동,2026-08,3904.9,3932.4,14
동대문구,동대문3동,2024-05,3819.3,3939.8,7
동대문구,동대문3동,2024-07,3881.7,3874.6,13
동대문구,동대문3동,2024-08,3731.3,3787.3,9
동대문구,동대문3동,2024-09,3681.6,3602.1,4
동대문구,동대문3동,2024-10,3874.7,3863.0,7
동대문구,동대문3동,2024-11,3894.4,3911.5,5
동대문구,동대문3동,2024-12,3941.8,3943.6,15
동대문구,동대문3동,2025-01,3832.5,3741.2,5
동대문구,동대문3동,2025-02,3869.5,3893.8,17
동대문구,동대문3동,2025-04,3885.0,3912.1,14
동대문구,동대문3동,2025-05,3828.8,3838.8,10
동대문구,동대문3동,2025-06,4141.2,4138.9,11
동대문구,동대문3동,2025-08,4006.5,4041.8,11
동대문구,동대문3동,2025-09,3836.0,3872.1,7
동대문구,동대문3동,2025-11,3954.9,4036.8,5
동대문구,동대문3동,2026-01,3933.8,3912.0,4
동대문구,동대문3동,2026-02,3938.7,3894.4,8
동대문구,동대문3동,2026-03,3874.2,3759.4,7
동대문구,동대문3동,2026-04,4002.6,3934.4,16
동대문구,동대문3동,2026-05,4078.0,4098.7,10
동대문구,동대문3동,2026-06,3925.2,3905.9,8
동대문구,동대문3동,2026-07,3880.5,3838.5,7
동대문구,동대문3동,2026-08,3976.4,3960.6,10
동대문구,동대문4동,2024-06,3850.8,3840.0,4
동대문구,동대문4동,2024-08,3730.2,3693.9,9
동대문구,동대문4동,2024-09,3782.0,3723.6,7
동대문구,동대문4동,2024-11,3890.9,3857.8,5
동대문구,동대문4동,2024-12,4003.9,4046.9,15
동대문구,동대문4동,2025-02,3813.0,3807.7,13
동대문구,동대문4동,2025-03,3900.4,3983.2,7
동대문구,동대문4동,2025-04,3920.6,3932.4,14
동대문구,동대문4동,2025-05,3919.5,3855.8,17
동대문구,동대문4동,2025-06,4072.5,4129.1,11
동대문구,동대문4동,2025-07,3978.6,3920.4,8
동대문구,동대문4동,2025-08,4096.3,4112.9,6
동대문구,동대문4동,2025-10,3803.2,3841.5,9
동대문구,동대문4동,2025-11,3823.7,3850.1,10
동대문구,동대문4동,2025-12,3961.1,3963.7,5
동대문구,동대문4동,2026-01,4023.0,3975.3,9
동대문구,동대문4동,2026-02,4089.0,4083.2,8
동대문구,동대문4동,2026-03,3857.8,3867.5,12
동대문구,동대문4동,2026-05,3943.2,3884.8,10
동대문구,동대문4동,2026-06,3935.0,3903.0,13
동대문구,동대문4동,2026-07,4098.9,4098.2,4
동대문구,동대문4동,2026-08,3867.1,3871.8,10
동작구,동작1동,2024-05,3800.3,3826.4,8
동작구,동작1동,2024-06,3689.2,3704.5,8
동작구,동작1동,2024-07,3486.1,3499.0,6
동작구,동작1동,2024-09,3658.6,3595.3,8
동작구,동작1동,2024-10,3728.9,3701.4,10
동작구,동작1동,2024-11,3798.2,3767.2,11
동작구,동작1동,2024-12,3536.1,3492.5,10
동작구,동작1동,2025-04,3787.0,3770.4,4
동작구,동작1동,2025-05,3605.1,3622.9,14
동작구,동작1동,2025-06,4063.9,4066.8,24
동작구,동작1동,2025-07,3893.2,3921.0,6
동작구,동작1동,2025-09,3864.8,3909.9,9
동작구,동작1동,2025-10,3674.5,3720.6,8
동작구,동작1동,2025-11,3698.2,3718.8,5
동작구,동작1동,2025-12,3794.9,3754.9,9
동작구,동작1동,2026-01,3976.4,3971.2,16
동작구,동작1동,2026-02,3807.6,3844.8,9
동작구,동작1동,2026-03,3903.5,3915.2,12
동작구,동작1동,2026-04,3696.7,3688.2,13
동작구,동작1동,2026-05,3958.3,3947.2,13
동작구,동작1동,2026-06,3878.8,3923.2,5
동작구,동작1동,2026-08,3580.6,3631.0,5
동작구,동작2동,2024-05,3766.0,3764.5,8
동작구,동작2동,2024-06,3427.5,3439.8,6
동작구,동작2동,2024-07,3443.2,3515.4,7
동작구,동작2동,2024-09,3597.1,3590.0,5
동작구,동작2동,2024-10,3671.6,3730.8,14
동작구,동작2동,2025-03,3591.6,3565.4,8
동작구,동작2동,2025-04,3693.4,3696.9,11
동작구,동작2동,2025-05,3731.1,3724.4,7
동작구,동작2동,2025-06,3975.8,3943.5,9
동작구,동작2동,2025-07,3769.1,3774.4,8
동작구,동작2동,2025-08,3748.5,3760.3,7
동작구,동작2동,2025-09,3861.4,3895.4,14
동작구,동작2동,2025-10,3604.8,3568.0,6
동작구,동작2동,2026-01,3921.1,3905.8,10
동작구,동작2동,2026-02,3796.5,3812.2,9
동작구,동작2동,2026-04,3492.2,3491.2,4
동작구,동작2동,2026-06,3888.3,3816.2,8
동작구,동작2동,2026-07,3837.6,3822.1,9
동작구,동작3동,2024-05,3674.3,3701.0,16
동작구,동작3동,2024-07,3498.8,3479.8,6
동작구,동작3동,2024-08,3597.3,3541.0,5
동작구,동작3동,2024-10,3684.3,3678.8,8
동작구,동작3동,2024-11,3793.8,3899.6,6
동작구,동작3동,2024-12,3574.0,3481.0,15
동작구,동작3동,2025-01,3657.1,3630.1,13
동작구,동작3동,2025-02,3609.2,3607.2,9
동작구,동작3동,2025-06,3873.6,3924.3,11
동작구,동작3동,2025-08,3758.4,3780.4,15
동작구,동작3동,2025-09,3827.4,3843.7,13
동작구,동작3동,2025-10,3750.1,3704.4,14
동작구,동작3동,2025-11,3695.7,3726.8,9
동작구,동작3동,2025-12,3687.1,3682.2,4
동작구,동작3동,2026-01,3950.2,3972.6,10
동작구,동작3동,2026-02,3854.3,3858.8,22
동작구,동작3동,2026-03,3714.0,3706.5,9
동작구,동작3동,2026-04,3806.1,3823.4,7
동작구,동작3동,2026-05,4021.0,3956.5,5
동작구,동작3동,2026-06,3851.1,3811.5,5
동작구,동작3동,2026-07,3764.7,3714.9,7
동작구,동작3동,2026-08,3735.3,3749.0,12
동작구,동작4동,2024-05,3642.2,3652.7,13
동작구,동작4동,2024-07,3660.8,3660.8,2
동작구,동작4동,2024-08,3654.8,3685.0,17
동작구,동작4동,2024-09,3629.2,3596.4,11
동작구,동작4동,2024-10,3717.9,3636.2,8
동작구,동작4동,2025-01,3634.4,3605.6,12
동작구,동작4동,2025-02,3656.5,3639.4,9
동작구,동작4동,2025-03,3657.3,3663.6,7
동작구,동작4동,2025-04,3624.5,3572.5,6
동작구,동작4동,2025-05,3627.4,3609.1,15
동작구,동작4동,2025-06,4011.6,3975.1,11
동작구,동작4동,2025-07,3890.2,3935.6,7
동작구,동작4동,2025-09,3992.0,3978.8,8
동작구,동작4동,2025-10,3696.0,3642.6,8
동작구,동작4동,2026-01,3901.5,3885.0,7
동작구,동작4동,2026-02,3826.2,3844.0,17
동작구,동작4동,2026-03,3754.5,3816.5,5
동작구,동작4동,2026-04,3868.5,3928.6,5
동작구,동작4동,2026-06,3921.0,3941.3,9
동작구,동작4동,2026-07,3900.4,3926.6,10
마포구,마포1동,2024-06,6187.2,6210.6,10
마포구,마포1동,2024-10,6222.2,6194.1,8
마포구,마포1동,2024-11,6442.7,6323.7,9
마포구,마포1동,2024-12,6259.5,6195.1,5
마포구,마포1동,2025-01,6615.3,6701.8,19
마포구,마포1동,2025-02,6543.9,6588.2,11
마포구,마포1동,2025-03,6710.0,6818.8,10
마포구,마포1동,2025-05,6389.5,6424.0,10
마포구,마포1동,2025-06,6963.2,6988.5,19
마포구,마포1동,2025-07,6417.7,6449.2,6
마포구,마포1동,2025-08,6743.2,6694.0,8
마포구,마포1동,2025-09,6479.0,6498.0,5
마포구,마포1동,2025-10,6661.6,6607.5,3
마포구,마포1동,2025-11,6410.0,6410.0,2
마포구,마포1동,2025-12,6285.1,6285.1,2
마포구,마포1동,2026-01,6474.1,6623.0,5
마포구,마포1동,2026-04,6866.5,6866.5,1
마포구,마포1동,2026-05,6996.5,7061.7,3
마포구,마포1동,2026-06,6617.2,6619.0,3
마포구,마포1동,2026-07,6664.4,6624.9,3
마포구,마포1동,2026-08,6842.0,6904.4,6
마포구,마포2동,2024-05,6282.0,6394.2,8
마포구,마포2동,2024-06,6091.3,6051.8,6
마포구,마포2동,2024-07,6251.0,6255.0,8
마포구,마포2동,2024-08,6523.3,6445.9,7
마포구,마포2동,2024-09,6373.6,6406.9,9
마포구,마포2동,2024-11,6472.3,6576.9,11
마포구,마포2동,2024-12,6466.6,6361.6,11
마포구,마포2동,2025-01,6681.9,6693.0,10
마포구,마포2동,2025-02,6422.4,6411.4,11
마포구,마포2동,2025-03,6401.1,6367.8,6
마포구,마포2동,2025-04,6320.4,6323.6,12
마포구,마포2동,2025-05,6707.3,6736.5,7
마포구,마포2동,2025-06,6936.8,6937.4,12
마포구,마포2동,2025-07,6272.0,6365.0,3
마포구,마포2동,2025-08,6561.6,6500.8,6
마포구,마포2동,2025-09,6466.3,6436.1,3
마포구,마포2동,2025-10,6556.1,6480.2,5
마포구,마포2동,2025-11,6908.8,6895.2,4
마포구,마포2동,2025-12,7003.8,7003.8,2
마포구,마포2동,2026-02,6594.4,6614.2,7
마포구,마포2동,2026-03,6837.0,6729.3,5
마포구,마포2동,2026-04,7028.6,7002.8,6
마포구,마포2동,2026-05,6641.2,6703.2,6
마포구,마포2동,2026-06,6545.4,6542.2,6
마포구,마포2동,2026-07,6461.9,6490.5,6
마포구,마포3동,2024-05,6211.2,6256.8,7
마포구,마포3동,2024-07,6272.8,6391.8,9
마포구,마포3동,2024-08,6188.8,6162.3,12
마포구,마포3동,2024-09,6603.5,6613.0,10
마포구,마포3동,2024-10,6224.7,6362.2,11
마포구,마포3동,2024-11,6302.3,6138.1,13
마포구,마포3동,2024-12,6248.8,6276.5,8
마포구,마포3동,2025-01,6736.8,6641.0,6
마포구,마포3동,2025-02,6541.2,6620.6,6
마포구,마포3동,2025-04,6379.1,6385.4,15
마포구,마포3동,2025-06,6769.0,6727.4,11
마포구,마포3동,2025-07,6580.3,6502.6,3
마포구,마포3동,2025-08,6715.0,6718.2,6
마포구,마포3동,2025-10,6465.0,6492.5,5
마포구,마포3동,2025-11,6466.1,6579.2,4
마포구,마포3동,2025-12,6879.2,6862.4,8
마포구,마포3동,2026-01,6378.5,6566.8,3
마포구,마포3동,2026-02,6467.1,6423.0,6
마포구,마포3동,2026-03,6458.9,6464.0,4
마포구,마포3동,2026-05,6783.2,6833.6,6
마포구,마포3동,2026-07,6775.0,6741.4,8
마포구,마포3동,2026-08,7004.2,7005.1,6
서대문구,서대문1동,2024-05,8737.8,8806.8,8
서대문구,서대문1동,2024-06,8720.4,8749.4,10
서대문구,서대문1동,2024-08,9044.8,9069.6,8
서대문구,서대문1동,2024-09,8959.2,9016.3,11
서대문구,서대문1동,2024-10,9050.6,9086.1,7
서대문구,서대문1동,2024-11,9270.8,9225.5,7
서대문구,서대문1동,2025-01,9033.7,8937.2,6
서대문구,서대문1동,2025-02,9029.5,9024.2,12
서대문구,서대문1동,2025-03,8678.5,8632.0,9
서대문구,서대문1동,2025-04,8832.3,8765.5,6
서대문구,서대문1동,2025-05,8888.6,8730.7,11
서대문구,서대문1동,2025-06,9711.0,9675.1,19
서대문구,서대문1동,2025-07,9231.0,9050.6,7
서대문구,서대문1동,2025-08,8603.9,8656.3,10
서대문구,서대문1동,2025-10,9175.0,8982.1,5
서대문구,서대문1동,2025-11,8876.8,8917.1,4
서대문구,서대문1동,2025-12,9252.4,9188.6,7
서대문구,서대문1동,2026-02,9347.2,9248.2,10
서대문구,서대문1동,2026-03,9578.2,9582.7,11
서대문구,서대문1동,2026-04,9188.1,9332.2,3
서대문구,서대문1동,2026-05,9653.6,9598.3,11
서대문구,서대문1동,2026-06,9100.8,9096.4,9
서대문구,서대문1동,2026-07,9273.0,9199.7,11
서대문구,서대문1동,2026-08,9377.8,9254.4,9
서대문구,서대문2동,2024-05,8506.3,8535.7,6
서대문구,서대문2동,2024-06,8934.0,8903.3,9
서대문구,서대문2동,2024-07,9322.2,9326.3,5
서대문구,서대문2동,2024-08,8940.5,9177.6,10
서대문구,서대문2동,2024-10,9206.7,9144.7,5
서대문구,서대문2동,2024-11,9072.8,9191.2,10
서대문구,서대문2동,2025-01,8988.8,9157.2,5
서대문구,서대문2동,2025-04,8903.4,8996.5,11
서대문구,서대문2동,2025-05,8874.5,9021.9,11
서대문구,서대문2동,2025-06,9629.9,9613.7,11
서대문구,서대문2동,2025-11,8928.5,8893.4,5
서대문구,서대문2동,2025-12,9267.5,9555.7,9
서대문구,서대문2동,2026-01,9189.0,9090.0,12
서대문구,서대문2동,2026-02,9423.8,9482.1,10
서대문구,서대문2동,2026-03,9545.9,9657.2,8
서대문구,서대문2동,2026-05,9255.3,9108.0,11
서대문구,서대문2동,2026-06,9310.0,9256.6,7
서대문구,서대문2동,2026-08,9450.9,9420.0,11
서대문구,서대문3동,2024-05,8563.2,8602.1,10
서대문구,서대문3동,2024-06,8932.3,8836.2,8
서대문구,서대문3동,2024-07,9047.2,8833.5,9
서대문구,서대문3동,2024-08,8587.4,8693.6,8
서대문구,서대문3동,2024-09,8881.6,8977.4,11
서대문구,서대문3동,2024-10,9188.7,8979.6,7
서대문구,서대문3동,2024-11,9277.8,9210.5,9
서대문구,서대문3동,2024-12,8966.9,8906.8,10
서대문구,서대문3동,2025-01,9058.3,8989.1,5
서대문구,서대문3동,2025-02,9041.6,9159.8,8
서대문구,서대문3동,2025-04,8792.4,8864.0,9
서대문구,서대문3동,2025-05,8989.7,8856.8,6
서대문구,서대문3동,2025-06,9669.0,9723.4,14
서대문구,서대문3동,2025-07,8981.2,8943.0,8
서대문구,서대문3동,2025-08,8764.5,8834.8,3
서대문구,서대문3동,2025-09,9089.2,9172.9,8
서대문구,서대문3동,2025-10,8838.3,8963.8,8
서대문구,서대문3동,2025-11,8949.0,9008.8,10
서대문구,서대문3동,2025-12,9052.0,9126.6,8
서대문구,서대문3동,2026-01,9411.3,9438.4,8
서대문구,서대문3동,2026-02,9266.3,9307.8,8
서대문구,서대문3동,2026-03,9517.4,9523.5,10
서대문구,서대문3동,2026-05,9508.5,9524.3,15
서대문구,서대문3동,2026-06,8952.2,8941.0,3
서대문구,서대문3동,2026-07,9193.6,9126.0,13
서대문구,서대문3동,2026-08,9434.0,9496.2,7
서대문구,서대문4동,2024-05,9055.0,8776.7,7
서대문구,서대문4동,2024-06,8692.7,8802.7,7
서대문구,서대문4동,2024-07,9210.7,9217.5,12
서대문구,서대문4동,2024-10,9065.5,9122.6,5
서대문구,서대문4동,2024-11,9038.3,8953.8,6
서대문구,서대문4동,2024-12,9317.0,9316.6,5
서대문구,서대문4동,2025-01,9259.2,9143.1,7
서대문구,서대문4동,2025-02,9041.9,8925.1,13
서대문구,서대문4동,2025-03,9053.4,9007.5,11
서대문구,서대문4동,2025-04,9025.2,8799.3,9
서대문구,서대문4동,2025-06,9801.5,9924.9,9
서대문구,서대문4동,2025-09,9161.5,9309.6,10
서대문구,서대문4동,2025-10,8934.5,8843.9,9
서대문구,서대문4동,2025-12,9164.9,9139.8,7
서대문구,서대문4동,2026-01,9271.0,9297.8,8
서대문구,서대문4동,2026-02,9360.0,9372.9,8
서대문구,서대문4동,2026-03,9423.2,9458.2,9
서대문구,서대문4동,2026-04,8987.7,9004.8,10
서대문구,서대문4동,2026-05,9555.8,9695.8,5
서대문구,서대문4동,2026-06,8948.7,8873.4,5
서대문구,서대문4동,2026-07,9270.6,9262.8,9
서대문구,서대문4동,2026-08,9454.7,9381.2,10
서초구,서초1동,2024-05,5495.2,5558.8,10
서초구,서초1동,2024-07,5407.2,5449.6,10
서초구,서초1동,2024-10,5394.0,5348.9,10
서초구,서초1동,2025-01,5387.1,5377.0,9
서초구,서초1동,2025-02,5494.3,5644.4,9
서초구,서초1동,2025-03,5404.2,5538.3,5
서초구,서초1동,2025-04,5180.9,5082.4,8
서초구,서초1동,2025-06,5861.4,5887.0,12
서초구,서초1동,2025-07,5325.3,5318.0,6
서초구,서초1동,2025-08,5330.8,5451.1,5
서초구,서초1동,2025-09,5320.7,5243.9,5
서초구,서초1동,2025-10,5102.4,5102.4,2
서초구,서초1동,2025-11,5477.5,5461.9,4
서초구,서초1동,2025-12,5427.9,5525.8,5
서초구,서초1동,2026-01,5772.6,5772.6,2
서초구,서초1동,2026-02,5475.8,5491.0,6
서초구,서초1동,2026-03,5489.5,5543.4,5
서초구,서초1동,2026-06,5424.3,5503.8,4
서초구,서초1동,2026-07,5555.2,5468.9,7
서초구,서초1동,2026-08,5237.8,5215.3,5
서초구,서초2동,2024-07,5645.5,5613.6,8
서초구,서초2동,2024-08,5424.6,5343.8,8
서초구,서초2동,2024-09,5537.3,5528.7,4
서초구,서초2동,2024-10,5306.9,5341.0,12
서초구,서초2동,2024-11,5463.4,5543.3,10
서초구,서초2동,2024-12,5479.8,5503.0,12
서초구,서초2동,2025-01,5459.0,5390.9,7
서초구,서초2동,2025-02,5368.7,5292.7,7
서초구,서초2동,2025-03,5449.7,5521.7,11
서초구,서초2동,2025-05,5725.4,5799.2,7
서초구,서초2동,2025-06,5919.8,5978.0,12
서초구,서초2동,2025-07,5451.8,5410.7,5
서초구,서초2동,2025-09,5216.1,5212.4,5
서초구,서초2동,2025-10,5384.9,5504.4,10
서초구,서초2동,2025-12,5505.0,5403.0,4
서초구,서초2동,2026-01,5584.4,5533.6,4
서초구,서초2동,2026-02,5144.1,5180.8,4
서초구,서초2동,2026-03,5341.0,5286.8,6
서초구,서초2동,2026-04,5446.6,5483.8,7
서초구,서초2동,2026-05,5328.4,5475.1,3
서초구,서초2동,2026-06,5462.6,5514.1,5
서초구,서초2동,2026-07,5219.9,5383.2,5
서초구,서초2동,2026-08,5373.8,5378.1,5
서초구,서초3동,2024-06,5408.0,5268.7,7
서초구,서초3동,2024-07,5575.8,5586.0,10
서초구,서초3동,2024-08,5437.8,5452.9,5
서초구,서초3동,2024-09,5591.3,5632.6,16
서초구,서초3동,2024-11,5564.4,5581.6,6
서초구,서초3동,2024-12,5475.4,5348.6,7
서초구,서초3동,2025-02,5466.2,5536.2,10
서초구,서초3동,2025-04,5571.5,5571.6,4
서초구,서초3동,2025-06,5989.5,6036.4,8
서초구,서초3동,2025-07,5268.4,5342.1,5
서초구,서초3동,2025-10,5223.9,5260.4,8
서초구,서초3동,2025-11,5831.1,5851.4,4
서초구,서초3동,2026-01,6320.7,6320.7,1
서초구,서초3동,2026-03,5321.2,5305.3,6
서초구,서초3동,2026-06,5399.4,5308.5,3
서초구,서초3동,2026-07,5512.8,5436.6,3
서초구,서초3동,2026-08,5394.1,5416.4,4
서초구,서초4동,2024-05,5619.7,5611.2,17
서초구,서초4동,2024-06,5664.2,5680.0,6
서초구,서초4동,2024-07,5298.1,5377.2,10
서초구,서초4동,2024-08,5718.7,5753.0,8
서초구,서초4동,2024-09,5715.7,5647.4,10
서초구,서초4동,2024-10,5376.0,5429.8,5
서초구,서초4동,2025-01,5460.9,5470.8,8
서초구,서초4동,2025-02,5359.8,5308.0,11
서초구,서초4동,2025-03,5460.5,5366.5,9
서초구,서초4동,2025-05,5589.7,5513.8,16
서초구,서초4동,2025-06,5834.9,5780.9,9
서초구,서초4동,2025-07,5428.5,5426.6,6
서초구,서초4동,2025-08,5244.4,5153.6,4
서초구,서초4동,2025-09,5593.4,5650.7,4
서초구,서초4동,2025-10,5551.6,5551.6,2
서초구,서초4동,2025-11,5462.6,5532.2,4
서초구,서초4동,2026-01,5414.2,5445.5,7
서초구,서초4동,2026-02,5289.0,5335.2,4
서초구,서초4동,2026-03,5773.7,5609.4,5
서초구,서초4동,2026-04,5467.4,5477.1,4
서초구,서초4동,2026-05,5655.6,5528.4,4
서초구,서초4동,2026-07,5455.7,5445.8,4
서초구,서초4동,2026-08,5248.4,5185.5,5
성동구,성동1동,2024-06,8309.3,8383.6,8
성동구,성동1동,2024-08,7776.1,7761.2,7
성동구,성동1동,2024-09,7878.5,7914.3,9
성동구,성동1동,2024-12,8048.0,8061.3,16
성동구,성동1동,2025-03,8191.0,8284.6,7
성동구,성동1동,2025-04,7789.0,7669.8,8
성동구,성동1동,2025-05,8027.9,7938.2,4
성동구,성동1동,2025-06,8806.1,8775.8,14
성동구,성동1동,2025-07,8176.1,8256.0,10
성동구,성동1동,2025-08,8061.0,7942.2,4
성동구,성동1동,2025-09,8383.4,8383.4,2
성동구,성동1동,2025-10,8088.4,8094.7,4
성동구,성동1동,2025-11,8081.7,8146.6,4
성동구,성동1동,2025-12,8347.0,8306.3,5
성동구,성동1동,2026-01,8294.7,8260.7,3
성동구,성동1동,2026-02,8279.5,8263.4,6
성동구,성동1동,2026-03,7900.4,7900.4,2
성동구,성동1동,2026-04,8072.3,7809.0,4
성동구,성동1동,2026-05,8300.9,8291.5,7
성동구,성동1동,2026-06,8256.8,8277.0,4
성동구,성동1동,2026-07,8798.1,8811.4,3
성동구,성동2동,2024-05,7989.0,7929.9,15
성동구,성동2동,2024-06,8349.6,8416.0,6
성동구,성동2동,2024-07,8000.9,7862.0,7
성동구,성동2동,2024-08,7933.0,7908.4,10
성동구,성동2동,2024-09,7939.3,7866.2,8
성동구,성동2동,2024-10,7418.6,7475.6,6
성동구,성동2동,2024-11,8252.6,8280.8,4
성동구,성동2동,2024-12,8028.3,7959.9,13
성동구,성동2동,2025-01,8156.0,8096.5,13
성동구,성동2동,2025-03,7915.4,7885.2,10
성동구,성동2동,2025-05,8467.8,8484.9,12
성동구,성동2동,2025-06,8865.5,8920.8,14
성동구,성동2동,2025-08,8385.5,8194.4,5
성동구,성동2동,2025-10,8117.2,7987.3,7
성동구,성동2동,2025-12,8358.9,8420.6,4
성동구,성동2동,2026-01,8341.4,8226.5,5
성동구,성동2동,2026-03,7832.6,7865.6,4
성동구,성동2동,2026-05,8042.9,8042.9,1
성동구,성동2동,2026-07,8325.8,8332.6,8
성동구,성동2동,2026-08,8104.2,8104.2,1
성동구,성동3동,2024-05,8232.8,7960.5,3
성동구,성동3동,2024-06,8017.9,7951.4,12
성동구,성동3동,2024-07,8076.6,8019.3,6
성동구,성동3동,2024-09,7789.3,7873.5,13
성동구,성동3동,2024-11,8087.1,8118.7,15
성동구,성동3동,2024-12,8165.1,8087.6,9
성동구,성동3동,2025-01,8436.1,8341.1,3
성동구,성동3동,2025-02,8100.1,8116.4,9
성동구,성동3동,2025-03,8255.7,8300.8,8
성동구,성동3동,2025-04,7952.1,8021.0,15
성동구,성동3동,2025-05,8289.6,8274.8,10
성동구,성동3동,2025-06,8833.0,8789.6,10
성동구,성동3동,2025-07,8311.1,8313.4,3
성동구,성동3동,2025-08,8394.0,8175.5,5
성동구,성동3동,2025-10,7681.6,7681.6,2
성동구,성동3동,2026-01,8009.0,8069.8,6
성동구,성동3동,2026-02,8290.2,8251.9,3
성동구,성동3동,2026-03,8184.3,8137.8,7
성동구,성동3동,2026-04,8167.1,8268.2,8
성동구,성동3동,2026-05,8134.4,7935.4,5
성동구,성동3동,2026-06,8049.6,8049.6,2
성동구,성동3동,2026-08,8352.9,8665.1,5
성동구,성동4동,2024-06,8061.3,8198.4,14
성동구,성동4동,2024-07,8059.3,8107.0,5
성동구,성동4동,2024-08,7846.5,8157.2,7
성동구,성동4동,2024-09,7932.2,7905.3,11
성동구,성동4동,2024-10,7777.5,7575.5,5
성동구,성동4동,2024-11,7806.0,7862.2,6
성동구,성동4동,2024-12,7990.5,7832.4,10
성동구,성동4동,2025-01,7951.1,7966.2,12
성동구,성동4동,2025-02,8072.8,7952.2,16
성동구,성동4동,2025-03,8340.3,8269.7,8
성동구,성동4동,2025-05,8353.0,8389.0,13
성동구,성동4동,2025-06,8787.3,8833.3,9
성동구,성동4동,2025-08,8428.3,8397.9,3
성동구,성동4동,2025-09,8155.6,8156.5,5
성동구,성동4동,2025-10,8290.7,8230.8,7
성동구,성동4동,2025-11,8328.9,8393.2,5
성동구,성동4동,2025-12,8438.6,8332.2,8
성동구,성동4동,2026-01,8127.9,7897.2,4
성동구,성동4동,2026-02,8081.1,8118.4,5
성동구,성동4동,2026-03,8113.1,8114.8,4
성동구,성동4동,2026-04,8374.4,8374.4,2
성동구,성동4동,2026-06,8227.0,8072.5,10
성북구,성북1동,2024-05,3011.6,3025.6,16
성북구,성북1동,2024-08,3023.7,3004.2,12
성북구,성북1동,2024-09,3029.4,3016.0,11
성북구,성북1동,2024-10,3070.5,3050.9,13
성북구,성북1동,2024-11,3144.3,3117.3,9
성북구,성북1동,2024-12,3167.2,3169.4,6
성북구,성북1동,2025-01,3133.3,3149.2,6
성북구,성북1동,2025-02,3041.1,2999.4,7
성북구,성북1동,2025-03,3203.9,3241.2,16
성북구,성북1동,2025-04,3046.5,3009.6,10
성북구,성북1동,2025-05,3176.2,3205.5,8
성북구,성북1동,2025-06,3505.4,3514.2,11
성북구,성북1동,2025-07,3047.9,3041.8,10
성북구,성북1동,2025-08,3144.9,3178.3,9
성북구,성북1동,2025-10,3310.6,3328.6,6
성북구,성북1동,2025-11,3255.4,3272.9,13
성북구,성북1동,2026-01,3293.7,3322.6,10
성북구,성북1동,2026-02,3124.5,3092.0,9
성북구,성북1동,2026-03,3312.8,3253.5,7
성북구,성북1동,2026-04,3310.8,3376.2,9
성북구,성북1동,2026-05,3392.3,3405.5,7
성북구,성북1동,2026-06,3273.2,3332.9,11
성북구,성북1동,2026-07,3223.7,3208.6,8
성북구,성북1동,2026-08,3324.6,3328.4,8
성북구,성북2동,2024-06,3142.5,3077.8,7
성북구,성북2동,2024-08,3062.8,3021.3,7
성북구,성북2동,2024-09,3071.4,3059.2,8
성북구,성북2동,2024-11,3135.7,3101.8,10
성북구,성북2동,2024-12,3261.5,3248.3,7
성북구,성북2동,2025-01,3129.8,3162.4,8
성북구,성북2동,2025-02,3105.8,3158.8,6
성북구,성북2동,2025-04,3137.5,3147.0,4
성북구,성북2동,2025-05,3208.2,3200.2,11
성북구,성북2동,2025-06,3459.1,3498.6,18
성북구,성북2동,2025-09,3104.2,3067.9,7
성북구,성북2동,2025-11,3227.8,3242.2,9
성북구,성북2동,2026-04,3298.8,3334.4,17
성북구,성북2동,2026-05,3365.7,3369.7,9
성북구,성북2동,2026-06,3322.1,3335.6,13
성북구,성북2동,2026-08,3313.2,3356.7,9
성북구,성북3동,2024-05,3050.5,3028.5,12
성북구,성북3동,2024-06,3167.1,3174.5,9
성북구,성북3동,2024-07,3098.5,3068.2,5
성북구,성북3동,2024-08,3045.8,3035.2,12
성북구,성북3동,2024-09,3109.0,3072.5,5
성북구,성북3동,2024-10,3107.5,3124.9,7
성북구,성북3동,2024-11,3189.5,3174.6,8
성북구,성북3동,2024-12,3123.8,3129.7,8
성북구,성북3동,2025-02,3122.5,3091.0,11
성북구,성북3동,2025-03,3054.0,3019.4,10
성북구,성북3동,2025-04,3051.7,3034.5,13
성북구,성북3동,2025-07,3148.0,3162.5,10
성북구,성북3동,2025-08,3323.0,3359.8,6
성북구,성북3동,2025-09,3205.0,3223.6,7
성북구,성북3동,2025-10,3321.0,3298.0,4
성북구,성북3동,2025-11,3276.7,3238.1,7
성북구,성북3동,2025-12,3163.8,3171.2,10
성북구,성북3동,2026-01,3342.7,3314.5,11
성북구,성북3동,2026-03,3314.9,3266.0,7
성북구,성북3동,2026-05,3348.9,3309.2,7
성북구,성북3동,2026-06,3279.3,3276.8,13
성북구,성북3동,2026-07,3273.2,3274.9,5
성북구,성북3동,2026-08,3301.1,3337.0,11
성북구,성북4동,2024-05,3055.5,3071.3,16
성북구,성북4동,2024-06,3072.8,3067.6,4
성북구,성북4동,2024-07,3025.6,2996.2,7
성북구,성북4동,2024-08,3021.6,2984.8,9
성북구,성북4동,2024-09,3106.1,3094.4,6
성북구,성북4동,2024-11,3201.2,3187.4,10
성북구,성북4동,2024-12,3157.4,3180.0,7
성북구,성북4동,2025-02,3157.8,3188.1,11
성북구,성북4동,2025-03,3269.1,3271.5,13
성북구,성북4동,2025-05,3223.6,3249.1,8
성북구,성북4동,2025-06,3486.4,3516.8,12
성북구,성북4동,2025-08,3193.4,3181.1,8
성북구,성북4동,2025-09,3053.6,3051.2,6
성북구,성북4동,2025-11,3301.8,3289.2,7
성북구,성북4동,2025-12,3220.0,3173.9,11
성북구,성북4동,2026-01,3306.4,3275.2,10
성북구,성북4동,2026-02,3123.0,3151.1,9
성북구,성북4동,2026-05,3343.2,3382.6,5
성북구,성북4동,2026-06,3317.0,3303.1,11
성북구,성북4동,2026-07,3209.9,3178.0,10
성북구,성북4동,2026-08,3329.2,3302.8,10
송파구,송파1동,2024-06,4368.9,4268.9,8
송파구,송파1동,2024-07,4337.0,4260.0,11
송파구,송파1동,2024-08,4594.4,4594.9,7
송파구,송파1동,2024-11,4293.0,4322.1,15
송파구,송파1동,2024-12,4383.1,4423.3,9
송파구,송파1동,2025-01,4316.2,4356.6,10
송파구,송파1동,2025-02,4348.2,4278.1,7
송파구,송파1동,2025-03,4556.7,4572.0,4
송파구,송파1동,2025-04,4386.7,4324.0,14
송파구,송파1동,2025-05,4570.5,4554.8,6
송파구,송파1동,2025-07,4532.1,4482.8,10
송파구,송파1동,2025-09,4367.5,4309.0,11
송파구,송파1동,2025-10,4461.0,4388.4,10
송파구,송파1동,2026-01,4720.4,4720.4,2
송파구,송파1동,2026-02,4595.9,4564.7,6
송파구,송파1동,2026-03,4626.5,4559.4,6
송파구,송파1동,2026-04,4666.1,4677.0,6
송파구,송파1동,2026-05,4597.0,4597.0,2
송파구,송파1동,2026-06,4497.6,4471.8,4
송파구,송파1동,2026-07,4640.4,4716.0,6
송파구,송파1동,2026-08,4703.6,4720.6,4
송파구,송파2동,2024-05,4232.9,4272.7,9
송파구,송파2동,2024-06,4471.7,4452.6,6
송파구,송파2동,2024-07,4362.6,4326.5,11
송파구,송파2동,2024-08,4466.4,4493.8,11
송파구,송파2동,2024-09,4308.1,4322.7,8
송파구,송파2동,2024-10,4311.4,4353.5,12
송파구,송파2동,2024-11,4274.7,4249.0,11
송파구,송파2동,2024-12,4462.4,4531.8,10
송파구,송파2동,2025-01,4357.0,4461.6,6
송파구,송파2동,2025-02,4368.3,4340.4,10
송파구,송파2동,2025-04,4338.1,4355.2,11
송파구,송파2동,2025-06,4826.7,4812.8,14
송파구,송파2동,2025-08,4400.1,4359.1,5
송파구,송파2동,2025-09,4364.0,4364.0,2
송파구,송파2동,2025-10,4390.4,4387.3,5
송파구,송파2동,2025-11,4631.5,4722.1,5
송파구,송파2동,2025-12,4399.1,4397.3,7
송파구,송파2동,2026-01,4414.8,4445.4,10
송파구,송파2동,2026-02,4606.0,4571.6,6
송파구,송파2동,2026-03,4549.7,4589.3,5
송파구,송파2동,2026-04,4543.5,4542.1,7
송파구,송파2동,2026-05,4469.0,4447.8,11
송파구,송파2동,2026-06,4715.2,4733.0,9
송파구,송파2동,2026-07,4717.3,4648.6,6
송파구,송파3동,2024-05,4183.8,4225.2,9
송파구,송파3동,2024-06,4319.4,4279.5,11
송파구,송파3동,2024-07,4180.6,4178.8,8
송파구,송파3동,2024-08,4463.2,4440.2,8
송파구,송파3동,2024-09,4366.8,4348.0,8
송파구,송파3동,2024-10,4148.5,4113.1,8
송파구,송파3동,2024-11,4335.1,4358.7,8
송파구,송파3동,2024-12,4365.0,4321.5,7
송파구,송파3동,2025-01,4424.5,4355.1,12
송파구,송파3동,2025-02,4502.3,4430.9,8
송파구,송파3동,2025-03,4537.1,4560.7,11
송파구,송파3동,2025-04,4403.9,4427.0,12
송파구,송파3동,2025-05,4505.7,4412.6,8
송파구,송파3동,2025-06,4774.2,4750.3,22
송파구,송파3동,2025-07,4599.7,4504.7,3
송파구,송파3동,2025-08,4502.3,4396.3,5
송파구,송파3동,2025-09,4410.4,4369.5,3
송파구,송파3동,2025-10,4418.9,4369.0,4
송파구,송파3동,2025-11,4422.5,4396.2,9
송파구,송파3동,2025-12,4660.0,4669.3,4
송파구,송파3동,2026-02,4474.0,4421.5,7
송파구,송파3동,2026-03,4787.1,4818.7,3
송파구,송파3동,2026-04,4475.9,4475.9,2
송파구,송파3동,2026-05,4470.2,4543.8,4
송파구,송파3동,2026-06,4633.6,4632.0,8
송파구,송파3동,2026-07,4544.0,4567.6,4
송파구,송파3동,2026-08,4525.5,4534.4,7
양천구,양천1동,2024-05,5074.7,5023.7,10
양천구,양천1동,2024-06,5196.1,5102.8,7
양천구,양천1동,2024-07,4925.2,4981.1,9
양천구,양천1동,2024-08,4879.4,4841.0,6
양천구,양천1동,2024-09,5077.9,5097.4,13
양천구,양천1동,2024-11,5087.0,5069.2,7
양천구,양천1동,2025-01,4853.5,4838.4,10
양천구,양천1동,2025-02,5118.6,5085.5,8
양천구,양천1동,2025-03,5141.3,5065.4,12
양천구,양천1동,2025-04,4885.7,4944.5,13
양천구,양천1동,2025-05,5077.5,5022.8,10
양천구,양천1동,2025-06,5445.8,5444.6,16
양천구,양천1동,2025-07,4981.7,4834.4,5
양천구,양천1동,2025-08,4908.5,4845.3,9
양천구,양천1동,2025-09,5055.3,5037.2,8
양천구,양천1동,2025-10,4975.7,5033.6,8
양천구,양천1동,2025-11,5286.9,5197.8,9
양천구,양천1동,2025-12,4841.6,4790.3,9
양천구,양천1동,2026-01,4914.8,4951.2,12
양천구,양천1동,2026-04,4913.6,4880.2,14
양천구,양천1동,2026-05,4953.0,4988.7,9
양천구,양천1동,2026-06,4836.3,4875.2,7
양천구,양천1동,2026-07,4752.2,4802.2,14
양천구,양천1동,2026-08,4632.6,4484.9,5
양천구,양천2동,2024-05,5141.9,5117.8,10
양천구,양천2동,2024-07,5119.6,5092.4,14
양천구,양천2동,2024-08,5044.2,4969.0,6
양천구,양천2동,2024-09,4940.2,4903.1,10
양천구,양천2동,2024-10,4924.0,4939.8,13
양천구,양천2동,2024-11,5049.2,5084.9,5
양천구,양천2동,2024-12,5199.8,5157.0,6
양천구,양천2동,2025-02,5116.4,5120.9,9
양천구,양천2동,2025-03,5161.4,5139.6,15
양천구,양천2동,2025-06,5441.1,5459.5,13
양천구,양천2동,2025-09,5020.6,5049.0,8
양천구,양천2동,2025-10,4970.8,4953.7,16
양천구,양천2동,2025-11,5007.9,4912.4,6
양천구,양천2동,2026-02,4776.3,4762.4,10
양천구,양천2동,2026-03,5057.9,4978.6,5
양천구,양천2동,2026-04,5071.9,5074.0,6
양천구,양천2동,2026-05,4915.6,4860.4,12
양천구,양천2동,2026-06,4924.0,5031.1,7
양천구,양천2동,2026-08,4632.1,4605.8,4
양천구,양천3동,2024-05,5209.8,5240.4,8
양천구,양천3동,2024-06,5170.2,5201.4,12
양천구,양천3동,2024-07,5019.2,4987.2,13
양천구,양천3동,2024-08,5205.1,5086.9,4
양천구,양천3동,2024-09,5014.5,5035.0,9
양천구,양천3동,2024-10,4869.5,4922.2,9
양천구,양천3동,2024-12,4944.8,5028.1,7
양천구,양천3동,2025-01,5061.6,4987.2,6
양천구,양천3동,2025-02,5406.1,5342.0,3
양천구,양천3동,2025-04,4804.4,4770.5,9
양천구,양천3동,2025-05,5049.0,5069.1,10
양천구,양천3동,2025-06,5387.2,5435.4,14
양천구,양천3동,2025-07,4966.4,4981.6,10
양천구,양천3동,2025-08,5008.7,5028.3,7
양천구,양천3동,2025-09,5068.5,5035.9,13
양천구,양천3동,2025-10,4910.3,4886.5,9
양천구,양천3동,2025-12,5028.9,5014.8,7
양천구,양천3동,2026-01,4755.5,4758.4,7
양천구,양천3동,2026-02,4882.0,4740.7,5
양천구,양천3동,2026-03,4950.0,4881.7,7
양천구,양천3동,2026-04,4959.0,4935.3,11
양천구,양천3동,2026-05,4889.5,4913.6,12
양천구,양천3동,2026-07,4805.6,4823.7,7
양천구,양천3동,2026-08,4627.6,4634.0,12
영등포구,영등포1동,2024-05,4141.3,4159.2,8
영등포구,영등포1동,2024-06,3962.4,3965.0,13
영등포구,영등포1동,2024-07,3919.9,3901.7,11
영등포구,영등포1동,2024-08,3966.4,4043.8,13
영등포구,영등포1동,2024-09,3945.0,3925.4,8
영등포구,영등포1동,2024-10,3986.1,3930.8,9
영등포구,영등포1동,2024-11,4033.4,4085.0,10
영등포구,영등포1동,2024-12,4023.9,4048.6,10
영등포구,영등포1동,2025-01,4128.3,4097.8,10
영등포구,영등포1동,2025-02,4045.7,4077.2,10
영등포구,영등포1동,2025-03,4331.3,4311.7,3
영등포구,영등포1동,2025-04,4198.4,4218.9,7
영등포구,영등포1동,2025-05,4007.5,4016.7,17
영등포구,영등포1동,2025-06,4495.5,4557.8,11
영등포구,영등포1동,2025-07,4216.6,4206.2,10
영등포구,영등포1동,2025-08,4039.0,4042.5,8
영등포구,영등포1동,2025-09,4068.1,4060.6,7
영등포구,영등포1동,2025-10,4168.7,4206.0,5
영등포구,영등포1동,2025-11,4291.1,4388.5,7
영등포구,영등포1동,2025-12,4180.7,4207.5,8
영등포구,영등포1동,2026-01,4208.0,4163.8,11
영등포구,영등포1동,2026-02,4015.2,3908.0,6
영등포구,영등포1동,2026-03,4243.3,4271.5,8
영등포구,영등포1동,2026-04,4137.8,4080.3,7
영등포구,영등포1동,2026-05,4398.0,4431.2,3
영등포구,영등포1동,2026-06,4207.1,4201.5,5
영등포구,영등포1동,2026-07,4322.2,4240.0,11
영등포구,영등포1동,2026-08,4189.0,4113.4,4
영등포구,영등포2동,2024-05,4079.2,4072.4,10
영등포구,영등포2동,2024-06,3973.4,3992.2,11
영등포구,영등포2동,2024-07,3936.6,3958.9,9
영등포구,영등포2동,2024-08,3910.8,3807.8,6
영등포구,영등포2동,2024-09,3978.5,3993.6,12
영등포구,영등포2동,2024-10,4138.3,4007.5,7
영등포구,영등포2동,2024-11,4047.6,4069.7,7
영등포구,영등포2동,2024-12,4126.6,4088.8,6
영등포구,영등포2동,2025-01,4271.6,4270.9,7
영등포구,영등포2동,2025-02,4037.1,3999.7,7
영등포구,영등포2동,2025-03,4222.6,4261.5,6
영등포구,영등포2동,2025-04,4252.2,4233.6,9
영등포구,영등포2동,2025-05,4027.3,4048.5,4
영등포구,영등포2동,2025-06,4433.7,4483.2,14
영등포구,영등포2동,2025-07,4213.9,4213.5,8
영등포구,영등포2동,2025-08,4114.0,4108.8,7
영등포구,영등포2동,2025-09,4307.8,4341.3,12
영등포구,영등포2동,2025-10,4276.9,4219.0,10
영등포구,영등포2동,2025-11,4089.8,4014.6,9
영등포구,영등포2동,2025-12,4036.5,4054.2,11
영등포구,영등포2동,2026-01,4242.7,4216.0,6
영등포구,영등포2동,2026-02,4175.4,4192.0,8
영등포구,영등포2동,2026-03,4347.6,4266.5,11
영등포구,영등포2동,2026-04,4283.0,4265.7,8
영등포구,영등포2동,2026-05,4437.8,4382.4,6
영등포구,영등포2동,2026-06,4238.6,4142.1,11
영등포구,영등포2동,2026-07,4335.8,4339.4,13
영등포구,영등포2동,2026-08,4224.0,4179.6,12
용산구,용산1동,2024-05,3206.5,3175.7,13
용산구,용산1동,2024-06,3128.3,3065.1,4
용산구,용산1동,2024-08,3116.4,3113.2,11
용산구,용산1동,2024-09,3340.9,3337.3,9
용산구,용산1동,2024-11,3164.3,3128.4,9
용산구,용산1동,2024-12,3353.8,3365.2,8
용산구,용산1동,2025-01,3320.8,3309.8,10
용산구,용산1동,2025-02,3327.7,3319.6,5
용산구,용산1동,2025-03,3322.0,3293.8,12
용산구,용산1동,2025-04,3258.6,3286.9,9
용산구,용산1동,2025-05,3220.2,3229.6,12
용산구,용산1동,2025-06,3564.3,3562.8,17
용산구,용산1동,2025-07,3317.7,3317.4,5
용산구,용산1동,2025-08,3352.9,3297.9,5
용산구,용산1동,2025-09,3241.5,3305.7,7
용산구,용산1동,2025-11,3233.7,3233.7,2
용산구,용산1동,2025-12,3340.5,3303.2,4
용산구,용산1동,2026-01,3450.7,3406.0,5
용산구,용산1동,2026-03,3298.3,3211.5,4
용산구,용산1동,2026-04,3315.0,3310.9,5
용산구,용산1동,2026-05,3632.3,3601.2,3
용산구,용산1동,2026-06,3530.0,3519.1,7
용산구,용산1동,2026-07,3619.9,3670.8,3
용산구,용산1동,2026-08,3411.6,3423.9,5
용산구,용산2동,2024-06,3085.7,3126.1,10
용산구,용산2동,2024-07,3220.7,3241.9,9
용산구,용산2동,2024-09,3350.4,3407.9,9
용산구,용산2동,2024-10,3284.5,3303.4,13
용산구,용산2동,2024-11,3172.6,3164.1,9
용산구,용산2동,2024-12,3285.3,3290.4,6
용산구,용산2동,2025-01,3375.7,3384.4,6
용산구,용산2동,2025-03,3274.6,3325.9,11
용산구,용산2동,2025-04,3315.8,3300.5,6
용산구,용산2동,2025-06,3647.4,3642.8,20
용산구,용산2동,2025-07,3360.8,3327.4,4
용산구,용산2동,2025-08,3283.8,3315.0,3
용산구,용산2동,2025-09,3332.1,3357.2,3
용산구,용산2동,2025-10,3489.2,3489.2,2
용산구,용산2동,2025-11,3358.4,3393.3,6
용산구,용산2동,2025-12,3292.0,3256.9,5
용산구,용산2동,2026-02,3375.2,3327.3,5
용산구,용산2동,2026-03,3313.6,3282.3,5
용산구,용산2동,2026-04,3360.2,3382.0,5
용산구,용산2동,2026-05,3400.8,3452.6,8
용산구,용산2동,2026-06,3627.5,3627.5,1
용산구,용산2동,2026-07,3476.3,3480.3,6
용산구,용산3동,2024-05,3240.1,3246.9,8
용산구,용산3동,2024-07,3198.3,3162.6,9
용산구,용산3동,2024-08,3223.4,3238.6,8
용산구,용산3동,2024-10,3210.5,3216.9,12
용산구,용산3동,2025-02,3372.0,3373.8,5
용산구,용산3동,2025-03,3356.7,3324.4,8
용산구,용산3동,2025-04,3194.0,3196.6,12
용산구,용산3동,2025-05,3241.6,3179.7,12
용산구,용산3동,2025-07,3281.1,3272.6,13
용산구,용산3동,2025-08,3352.7,3343.4,4
용산구,용산3동,2025-09,3425.1,3474.9,7
용산구,용산3동,2025-10,3309.5,3267.7,7
용산구,용산3동,2025-12,3381.7,3381.7,1
용산구,용산3동,2026-01,3264.8,3279.9,5
용산구,용산3동,2026-02,3344.7,3407.6,7
용산구,용산3동,2026-03,3296.9,3281.5,7
용산구,용산3동,2026-04,3460.0,3437.0,4
용산구,용산3동,2026-05,3479.9,3455.7,5
용산구,용산3동,2026-06,3480.0,3494.0,5
용산구,용산3동,2026-08,3379.9,3379.4,6
은평구,은평1동,2024-05,4775.7,4771.8,8
은평구,은평1동,2024-06,5017.2,5017.9,11
은평구,은평1동,2024-07,4724.3,4726.5,7
은평구,은평1동,2024-09,4765.6,4742.8,9
은평구,은평1동,2024-10,4914.4,4878.0,16
은평구,은평1동,2024-11,4976.1,5101.0,10
은평구,은평1동,2024-12,4760.1,4740.2,9
은평구,은평1동,2025-01,4726.2,4704.9,8
은평구,은평1동,2025-02,5095.1,5095.6,9
은평구,은평1동,2025-03,4906.4,4847.6,5
은평구,은평1동,2025-04,4860.3,4931.3,9
은평구,은평1동,2025-06,5281.7,5332.8,18
은평구,은평1동,2025-07,5037.8,5051.8,19
은평구,은평1동,2025-08,4635.8,4667.5,9
은평구,은평1동,2025-10,5113.7,5025.4,10
은평구,은평1동,2025-12,5012.6,4960.6,6
은평구,은평1동,2026-01,5108.6,5126.7,8
은평구,은평1동,2026-02,5080.3,5001.0,9
은평구,은평1동,2026-03,5129.2,5152.8,12
은평구,은평1동,2026-04,4980.5,4990.5,10
은평구,은평1동,2026-05,4982.4,4973.6,10
은평구,은평1동,2026-06,5094.9,5107.6,8
은평구,은평1동,2026-07,5117.1,5128.7,10
은평구,은평1동,2026-08,5011.0,4986.8,11
은평구,은평2동,2024-05,4693.3,4711.8,8
은평구,은평2동,2024-07,4707.3,4657.8,6
은평구,은평2동,2024-08,4693.1,4590.0,5
은평구,은평2동,2024-09,4723.5,4739.4,7
은평구,은평2동,2024-10,4870.5,4827.0,8
은평구,은평2동,2024-11,4846.7,4859.5,9
은평구,은평2동,2024-12,4819.6,4906.4,11
은평구,은평2동,2025-01,4923.6,4928.2,13
은평구,은평2동,2025-02,4867.8,4843.4,9
은평구,은평2동,2025-03,4791.0,4798.4,11
은평구,은평2동,2025-04,4990.5,4881.0,10
은평구,은평2동,2025-05,4884.7,4811.0,13
은평구,은평2동,2025-06,5353.6,5339.4,17
은평구,은평2동,2025-07,4995.1,5026.0,8
은평구,은평2동,2025-08,4861.3,4817.6,8
은평구,은평2동,2025-09,4896.5,4882.6,4
은평구,은평2동,2025-10,4968.3,4925.5,7
은평구,은평2동,2025-11,5039.0,4970.0,8
은평구,은평2동,2025-12,5211.9,5144.7,5
은평구,은평2동,2026-01,5040.4,4967.9,7
은평구,은평2동,2026-02,4872.8,4807.8,9
은평구,은평2동,2026-03,4999.5,5006.6,10
은평구,은평2동,2026-04,5039.6,5146.7,7
은평구,은평2동,2026-05,5118.4,5187.7,10
은평구,은평2동,2026-06,5133.7,5221.5,7
은평구,은평2동,2026-07,5114.1,5002.2,7
은평구,은평2동,2026-08,5083.3,5029.3,9
은평구,은평3동,2024-05,4742.0,4671.4,11
은평구,은평3동,2024-06,5031.6,4999.9,6
은평구,은평3동,2024-07,4655.8,4616.1,11
은평구,은평3동,2024-08,4829.4,4862.6,8
은평구,은평3동,2024-09,4717.3,4802.4,5
은평구,은평3동,2024-11,5001.7,5070.0,9
은평구,은평3동,2025-01,4932.4,4916.4,5
은평구,은평3동,2025-02,4880.7,4825.6,6
은평구,은평3동,2025-03,4664.7,4705.2,5
은평구,은평3동,2025-04,5001.5,4945.3,13
은평구,은평3동,2025-05,4921.4,4891.4,14
은평구,은평3동,2025-06,5242.7,5214.9,11
은평구,은평3동,2025-07,5099.9,5074.4,12
은평구,은평3동,2025-09,5033.7,5029.6,8
은평구,은평3동,2025-11,5046.7,5125.6,8
은평구,은평3동,2025-12,5036.4,5035.2,4
은평구,은평3동,2026-01,5041.4,4990.6,10
은평구,은평3동,2026-02,4976.0,4889.9,7
은평구,은평3동,2026-03,5098.7,5100.0,8
은평구,은평3동,2026-04,5049.3,5029.4,6
은평구,은평3동,2026-06,5171.3,5136.3,17
은평구,은평3동,2026-08,5180.5,5160.6,8
종로구,종로1동,2024-07,3968.9,3919.3,8
종로구,종로1동,2024-08,3919.6,3945.4,6
종로구,종로1동,2024-10,3914.9,3910.4,7
종로구,종로1동,2024-11,4095.5,4095.4,13
종로구,종로1동,2025-02,4002.0,4017.9,11
종로구,종로1동,2025-03,4005.8,4059.7,12
종로구,종로1동,2025-04,3926.6,3954.8,10
종로구,종로1동,2025-05,3865.7,3823.4,11
종로구,종로1동,2025-07,3988.6,4055.9,6
종로구,종로1동,2025-08,4015.4,3962.7,4
종로구,종로1동,2025-09,3874.6,3760.4,6
종로구,종로1동,2025-10,3735.6,3707.1,9
종로구,종로1동,2025-11,4011.1,4040.1,7
종로구,종로1동,2026-01,3908.4,3888.0,8
종로구,종로1동,2026-03,3848.3,3863.9,8
종로구,종로1동,2026-04,3819.0,3932.3,13
종로구,종로1동,2026-05,3700.3,3710.4,10
종로구,종로1동,2026-06,3988.6,3940.2,9
종로구,종로1동,2026-07,3629.8,3603.5,7
종로구,종로1동,2026-08,3733.1,3784.0,7
종로구,종로2동,2024-05,3923.8,3867.2,6
종로구,종로2동,2024-06,4037.1,4097.8,9
종로구,종로2동,2024-07,3847.7,3827.1,11
종로구,종로2동,2024-09,4026.6,4029.1,11
종로구,종로2동,2024-10,3985.2,4028.0,6
종로구,종로2동,2024-11,3903.0,3954.4,8
종로구,종로2동,2024-12,3967.0,3943.5,9
종로구,종로2동,2025-02,3991.9,3990.8,9
종로구,종로2동,2025-03,3960.9,3927.0,8
종로구,종로2동,2025-04,4133.2,4068.2,3
종로구,종로2동,2025-05,3901.4,3864.4,14
종로구,종로2동,2025-08,3944.1,4027.6,4
종로구,종로2동,2025-10,3889.4,3889.2,9
종로구,종로2동,2025-11,3968.5,3886.0,12
종로구,종로2동,2025-12,3790.4,3805.1,11
종로구,종로2동,2026-02,3931.3,3901.0,8
종로구,종로2동,2026-03,3820.8,3811.1,8
종로구,종로2동,2026-04,3860.1,3854.4,8
종로구,종로2동,2026-05,3699.4,3663.8,12
종로구,종로2동,2026-06,3806.7,3763.8,11
종로구,종로2동,2026-07,3625.2,3697.3,3
종로구,종로3동,2024-05,3994.3,3980.8,10
종로구,종로3동,2024-07,3900.9,3910.0,10
종로구,종로3동,2024-08,4044.2,4009.3,5
종로구,종로3동,2024-09,4007.2,4034.9,11
종로구,종로3동,2024-10,3933.4,4012.1,9
종로구,종로3동,2025-01,3889.3,3921.8,11
종로구,종로3동,2025-02,3986.1,4020.3,11
종로구,종로3동,2025-03,3893.6,3880.6,12
종로구,종로3동,2025-04,4003.9,3987.8,14
종로구,종로3동,2025-05,3931.1,3927.4,13
종로구,종로3동,2025-06,4086.7,4161.5,13
종로구,종로3동,2025-08,3791.3,3748.1,11
종로구,종로3동,2025-09,3842.4,3840.6,5
종로구,종로3동,2025-10,3916.5,3959.0,12
종로구,종로3동,2026-02,3835.9,3803.0,8
종로구,종로3동,2026-03,3852.8,3872.5,10
종로구,종로3동,2026-07,3663.2,3657.9,4
종로구,종로3동,2026-08,3725.5,3732.3,9
종로구,종로4동,2024-05,3893.0,3925.1,10
종로구,종로4동,2024-06,3957.7,3960.2,7
종로구,종로4동,2024-07,3985.9,3942.3,11
종로구,종로4동,2024-08,4083.5,4067.4,12
종로구,종로4동,2024-09,3917.0,3920.6,6
종로구,종로4동,2024-10,3944.7,3880.6,8
종로구,종로4동,2024-11,3799.5,3785.0,8
종로구,종로4동,2024-12,3882.0,3942.5,9
종로구,종로4동,2025-01,3880.7,3893.0,5
종로구,종로4동,2025-02,4070.0,4051.6,10
종로구,종로4동,2025-03,3882.6,3910.1,3
종로구,종로4동,2025-04,3982.7,4070.2,7
종로구,종로4동,2025-05,3865.5,3876.4,10
종로구,종로4동,2025-06,4289.4,4306.8,15
종로구,종로4동,2025-07,3930.8,3995.1,9
종로구,종로4동,2025-08,3908.7,3837.3,10
종로구,종로4동,2025-09,3822.1,3822.8,12
종로구,종로4동,2025-11,3864.9,3898.0,8
종로구,종로4동,2025-12,3944.1,3896.4,8
종로구,종로4동,2026-01,3794.2,3799.2,8
종로구,종로4동,2026-02,3891.4,3887.4,10
종로구,종로4동,2026-03,3798.8,3836.2,13
종로구,종로4동,2026-07,3857.9,3839.7,10
종로구,종로4동,2026-08,3790.5,3681.0,10
중구,중1동,2024-05,5824.2,5826.4,7
중구,중1동,2024-07,5637.5,5666.5,9
중구,중1동,2024-08,5648.7,5564.6,5
중구,중1동,2024-11,5764.8,5758.6,9
중구,중1동,2025-01,5679.7,5726.3,5
중구,중1동,2025-02,5804.0,5816.2,10
중구,중1동,2025-03,5445.0,5486.4,6
중구,중1동,2025-04,5913.7,5894.6,8
중구,중1동,2025-07,5807.8,5810.3,13
중구,중1동,2025-08,5743.7,5846.1,8
중구,중1동,2025-09,5862.0,5902.5,5
중구,중1동,2025-10,5749.2,5739.5,8
중구,중1동,2025-12,5736.6,5653.0,14
중구,중1동,2026-01,5627.0,5698.4,13
중구,중1동,2026-02,5859.8,5808.5,15
중구,중1동,2026-04,5572.9,5656.0,12
중구,중1동,2026-05,5907.4,5968.9,10
중구,중1동,2026-06,5865.2,5914.9,5
중구,중1동,2026-07,5961.4,5950.4,5
중구,중1동,2026-08,5891.8,5960.4,11
중구,중2동,2024-05,5794.7,5757.1,8
중구,중2동,2024-06,5779.3,5728.0,11
중구,중2동,2024-07,5508.4,5509.3,8
중구,중2동,2024-09,5784.2,5787.2,8
중구,중2동,2024-10,5510.6,5518.5,7
중구,중2동,2024-12,5596.4,5569.5,8
중구,중2동,2025-01,5779.3,5789.6,6
중구,중2동,2025-02,5674.2,5589.9,11
중구,중2동,2025-04,5655.3,5614.0,9
중구,중2동,2025-05,5757.7,5804.2,8
중구,중2동,2025-06,6072.1,5992.9,19
중구,중2동,2025-07,5791.4,5761.5,10
중구,중2동,2025-08,5786.6,5799.2,9
중구,중2동,2025-11,5749.6,5700.4,14
중구,중2동,2026-03,5698.2,5733.2,10
중구,중2동,2026-04,5967.2,5955.5,4
중구,중2동,2026-05,5888.4,5827.2,12
중구,중2동,2026-06,6076.0,6120.2,11
중구,중3동,2024-05,5820.6,5849.4,13
중구,중3동,2024-06,5961.0,5893.8,7
중구,중3동,2024-07,5661.6,5591.1,13
중구,중3동,2024-08,5815.1,5770.1,10
중구,중3동,2024-09,5702.4,5726.0,8
중구,중3동,2024-10,5663.6,5728.1,9
중구,중3동,2024-11,5753.8,5786.2,12
중구,중3동,2024-12,5646.3,5802.0,6
중구,중3동,2025-01,5784.3,5771.0,14
중구,중3동,2025-02,5875.2,5926.8,9
중구,중3동,2025-03,5792.6,5841.4,14
중구,중3동,2025-04,5857.3,5934.9,6
중구,중3동,2025-05,5956.5,5891.8,8
중구,중3동,2025-07,5826.6,5874.2,15
중구,중3동,2025-08,5845.2,5725.3,5
중구,중3동,2025-09,5755.8,5803.4,5
중구,중3동,2025-11,5613.4,5579.8,9
중구,중3동,2026-02,5772.8,5734.8,14
중구,중3동,2026-04,5752.5,5709.6,7
중구,중3동,2026-05,5785.0,5770.0,9
중구,중3동,2026-06,5825.6,5760.6,5
중구,중4동,2024-05,5747.0,5721.8,8
중구,중4동,2024-08,5938.2,6039.7,5
중구,중4동,2024-11,5626.6,5635.6,9
중구,중4동,2024-12,5415.7,5347.5,9
중구,중4동,2025-01,5843.5,5828.2,10
중구,중4동,2025-02,5766.9,5819.0,8
중구,중4동,2025-03,5594.6,5653.3,5
중구,중4동,2025-04,5864.3,5923.6,6
중구,중4동,2025-06,6268.5,6305.4,17
중구,중4동,2025-07,5692.4,5691.2,15
중구,중4동,2025-08,5740.8,5713.8,10
중구,중4동,2025-09,5663.5,5664.0,11
중구,중4동,2025-10,5801.1,5808.0,12
중구,중4동,2025-12,5972.1,5908.8,6
중구,중4동,2026-01,5865.1,5955.7,7
중구,중4동,2026-02,5989.8,5962.3,5
중구,중4동,2026-03,5775.4,5752.4,8
중구,중4동,2026-04,5714.8,5706.5,11
중구,중4동,2026-05,5484.5,5484.5,2
중구,중4동,2026-06,6003.3,6098.3,8
중구,중4동,2026-07,5804.5,5779.8,6
중구,중4동,2026-08,6095.4,6151.7,9
중랑구,중랑1동,2024-05,7836.3,7923.6,5
중랑구,중랑1동,2024-06,7564.7,7522.4,8
중랑구,중랑1동,2024-07,7533.7,7492.0,17
중랑구,중랑1동,2024-08,7444.7,7432.6,14
중랑구,중랑1동,2024-09,7470.8,7436.2,11
중랑구,중랑1동,2024-10,7789.9,7672.2,4
중랑구,중랑1동,2024-11,7584.1,7619.1,12
중랑구,중랑1동,2024-12,7675.1,7707.0,8
중랑구,중랑1동,2025-01,7623.3,7779.0,10
중랑구,중랑1동,2025-02,7772.4,7736.6,10
중랑구,중랑1동,2025-03,7666.9,7714.7,10
중랑구,중랑1동,2025-04,8208.2,8355.5,12
중랑구,중랑1동,2025-05,7680.8,7722.6,10
중랑구,중랑1동,2025-06,8180.9,8251.8,20
중랑구,중랑1동,2025-07,7669.7,7537.0,11
중랑구,중랑1동,2025-08,7382.0,7449.5,6
중랑구,중랑1동,2025-09,7565.4,7524.6,10
중랑구,중랑1동,2025-10,7738.0,7729.8,8
중랑구,중랑1동,2025-11,7913.5,7924.7,6
중랑구,중랑1동,2025-12,7916.8,7909.8,6
중랑구,중랑1동,2026-01,7484.3,7529.7,5
중랑구,중랑1동,2026-02,8046.9,8167.2,10
중랑구,중랑1동,2026-03,7862.5,7892.2,10
중랑구,중랑1동,2026-04,8108.2,8099.2,8
중랑구,중랑1동,2026-05,8085.9,7912.0,5
중랑구,중랑1동,2026-06,7981.7,7956.8,9
중랑구,중랑1동,2026-07,7899.5,8003.5,9
중랑구,중랑1동,2026-08,8086.0,8056.3,5
중랑구,중랑2동,2024-05,7551.7,7478.0,12
중랑구,중랑2동,2024-06,7587.8,7477.0,8
중랑구,중랑2동,2024-07,7551.0,7515.8,6
중랑구,중랑2동,2024-08,7610.9,7740.0,10
중랑구,중랑2동,2024-09,7592.1,7544.1,16
중랑구,중랑2동,2024-10,7423.2,7457.7,5
중랑구,중랑2동,2024-11,7815.4,7735.4,8
중랑구,중랑2동,2024-12,7739.5,7692.1,7
중랑구,중랑2동,2025-01,7637.1,7671.9,12
중랑구,중랑2동,2025-02,7479.3,7395.3,7
중랑구,중랑2동,2025-03,7874.4,7917.5,12
중랑구,중랑2동,2025-04,7940.2,7968.2,8
중랑구,중랑2동,2025-05,7657.0,7720.5,12
중랑구,중랑2동,2025-06,8135.5,8149.6,12
중랑구,중랑2동,2025-07,7675.9,7718.7,8
중랑구,중랑2동,2025-08,7847.9,7806.2,6
중랑구,중랑2동,2025-09,7876.6,7859.0,13
중랑구,중랑2동,2025-10,7944.0,8131.0,8
중랑구,중랑2동,2025-11,7967.2,7947.2,11
중랑구,중랑2동,2025-12,7787.3,7795.5,8
중랑구,중랑2동,2026-01,7868.1,7884.6,8
중랑구,중랑2동,2026-02,8037.4,8067.0,11
중랑구,중랑2동,2026-03,7915.6,7984.4,9
중랑구,중랑2동,2026-04,8175.9,8136.6,12
중랑구,중랑2동,2026-05,8133.1,8009.1,3
중랑구,중랑2동,2026-06,7933.6,7916.2,12
중랑구,중랑2동,2026-07,8177.1,8275.1,7
중랑구,중랑2동,2026-08,7878.6,7829.0,10
