감정,기사제목,시기,날짜,수치,url,정부,카테고리,정책
슬픔,구로구 주민들 시장 안정 대책에 엇갈린 반응,시행 전,2025-09-10,0.596,https://news.example.com/article/1000,박근혜,시장 안정 대책,10·15
놀람,광진구 주민들 대출 및 금융 규제에 엇갈린 반응,시행일,2025-10-22,0.833,https://news.example.com/article/1001,문재인,대출 및 금융 규제,9·7
행복,금천구 주민들 부동산 세제 개편에 엇갈린 반응,초기 반응,2025-04-09,0.838,https://news.example.com/article/1002,이재명,부동산 세제 개편,8·13
슬픔,"국토부 ""시장 안정 대책 효과 지켜봐야""",시행일,2026-06-01,0.52,https://news.example.com/article/1003,문재인,시장 안정 대책,9·7
분노,"전문가 ""주택 공급 대책, 시장에 미치는 영향은""",체감 반응,2024-06-19,0.982,https://news.example.com/article/1004,윤석열,주택 공급 대책,8·13
놀람,"국토부 ""부동산 세제 개편 효과 지켜봐야""",초기 반응,2026-02-01,0.893,https://news.example.com/article/1005,이재명,부동산 세제 개편,8·13
혐오,성동구 주민들 주택 공급 대책에 엇갈린 반응,초기 반응,2024-12-27,0.518,https://news.example.com/article/1006,윤석열,주택 공급 대책,8·13
슬픔,"국토부 ""주택 공급 대책 효과 지켜봐야""",시행 전,2024-08-14,0.548,https://news.example.com/article/1007,박근혜,주택 공급 대책,8·13
중립,구로구 주민들 대출 및 금융 규제에 엇갈린 반응,초기 반응,2025-10-29,0.616,https://news.example.com/article/1008,문재인,대출 및 금융 규제,6·27
행복,"이재명 정부, 주택 공급 대책 발표",시행 전,2024-10-23,0.616,https://news.example.com/article/1009,이재명,주택 공급 대책,10·15
공포,"윤석열 정부, 주택 공급 대책 발표",초기 반응,2025-05-26,0.528,https://news.example.com/article/1010,윤석열,주택 공급 대책,8·13
슬픔,"전문가 ""주택 공급 대책, 시장에 미치는 영향은""",시행 전,2024-05-25,0.765,https://news.example.com/article/1011,문재인,주택 공급 대책,10·15
중립,"국토부 ""주택 공급 대책 효과 지켜봐야""",시행일,2026-07-01,0.504,https://news.example.com/article/1012,윤석열,주택 공급 대책,6·27
혐오,강남구 주민들 시장 안정 대책에 엇갈린 반응,체감 반응,2024-07-04,0.642,https://news.example.com/article/1013,윤석열,시장 안정 대책,8·13
분노,서초구 주민들 대출 및 금융 규제에 엇갈린 반응,시행 전,2025-12-23,0.574,https://news.example.com/article/1014,이재명,대출 및 금융 규제,6·27
놀람,대출 및 금융 규제 이후 중구 집값 보합,시행일,2024-06-28,0.867,https://news.example.com/article/1015,윤석열,대출 및 금융 규제,9·7
분노,시장 안정 대책 이후 중랑구 집값 상승,체감 반응,2024-11-01,0.529,https://news.example.com/article/1016,박근혜,시장 안정 대책,10·15
중립,대출 및 금융 규제 이후 서초구 집값 하락,시행 전,2025-06-10,0.766,https://news.example.com/article/1017,이재명,대출 및 금융 규제,6·27
분노,"이재명 정부, 대출 및 금융 규제 발표",초기 반응,2025-09-08,0.669,https://news.example.com/article/1018,이재명,대출 및 금융 규제,8·13
슬픔,"전문가 ""부동산 세제 개편, 시장에 미치는 영향은""",체감 반응,2025-05-03,0.573,https://news.example.com/article/1019,윤석열,부동산 세제 개편,9·7
중립,성북구 주민들 대출 및 금융 규제에 엇갈린 반응,초기 반응,2025-08-15,0.723,https://news.example.com/article/1020,윤석열,대출 및 금융 규제,9·7
중립,은평구 주민들 시장 안정 대책에 엇갈린 반응,초기 반응,2026-02-26,0.794,https://news.example.com/article/1021,문재인,시장 안정 대책,6·27
중립,"전문가 ""대출 및 금융 규제, 시장에 미치는 영향은""",시행 전,2025-04-15,0.535,https://news.example.com/article/1022,이재명,대출 및 금융 규제,9·7
공포,영등포구 주민들 대출 및 금융 규제에 엇갈린 반응,초기 반응,2024-05-23,0.697,https://news.example.com/article/1023,박근혜,대출 및 금융 규제,9·7
중립,시장 안정 대책 이후 강동구 집값 보합,시행일,2026-05-29,0.926,https://news.example.com/article/1024,윤석열,시장 안정 대책,9·7
슬픔,"박근혜 정부, 부동산 세제 개편 발표",시행일,2025-03-29,0.939,https://news.example.com/article/1025,박근혜,부동산 세제 개편,8·13
공포,서초구 주민들 부동산 세제 개편에 엇갈린 반응,초기 반응,2024-11-27,0.905,https://news.example.com/article/1026,윤석열,부동산 세제 개편,8·13
혐오,"이재명 정부, 주택 공급 대책 발표",시행 전,2025-07-30,0.978,https://news.example.com/article/1027,이재명,주택 공급 대책,9·7
분노,"국토부 ""부동산 세제 개편 효과 지켜봐야""",초기 반응,2024-11-08,0.876,https://news.example.com/article/1028,박근혜,부동산 세제 개편,10·15
중립,"국토부 ""시장 안정 대책 효과 지켜봐야""",시행일,2026-03-06,0.863,https://news.example.com/article/1029,박근혜,시장 안정 대책,6·27
공포,"윤석열 정부, 주택 공급 대책 발표",체감 반응,2025-03-20,0.629,https://news.example.com/article/1030,윤석열,주택 공급 대책,6·27
공포,대출 및 금융 규제 이후 금천구 집값 보합,시행 전,2025-10-13,0.878,https://news.example.com/article/1031,문재인,대출 및 금융 규제,8·13
공포,대출 및 금융 규제 이후 강서구 집값 상승,초기 반응,2024-07-24,0.508,https://news.example.com/article/1032,윤석열,대출 및 금융 규제,8·13
혐오,"전문가 ""시장 안정 대책, 시장에 미치는 영향은""",시행일,2026-04-03,0.77,https://news.example.com/article/1033,문재인,시장 안정 대책,8·13
슬픔,부동산 세제 개편 이후 중랑구 집값 상승,초기 반응,2026-05-22,0.65,https://news.example.com/article/1034,이재명,부동산 세제 개편,9·7
중립,"국토부 ""대출 및 금융 규제 효과 지켜봐야""",시행일,2024-10-22,0.788,https://news.example.com/article/1035,이재명,대출 및 금융 규제,9·7
혐오,"전문가 ""대출 및 금융 규제, 시장에 미치는 영향은""",시행 전,2026-03-15,0.818,https://news.example.com/article/1036,박근혜,대출 및 금융 규제,10·15
공포,강동구 주민들 대출 및 금융 규제에 엇갈린 반응,시행일,2024-08-18,0.648,https://news.example.com/article/1037,문재인,대출 및 금융 규제,8·13
놀람,강동구 주민들 부동산 세제 개편에 엇갈린 반응,시행일,2024-09-30,0.829,https://news.example.com/article/1038,이재명,부동산 세제 개편,6·27
놀람,"국토부 ""주택 공급 대책 효과 지켜봐야""",시행 전,2024-05-17,0.665,https://news.example.com/article/1039,문재인,주택 공급 대책,8·13
혐오,"박근혜 정부, 대출 및 금융 규제 발표",시행일,2025-11-28,0.949,https://news.example.com/article/1040,박근혜,대출 및 금융 규제,9·7
중립,"전문가 ""시장 안정 대책, 시장에 미치는 영향은""",초기 반응,2024-09-19,0.937,https://news.example.com/article/1041,윤석열,시장 안정 대책,6·27
놀람,"윤석열 정부, 대출 및 금융 규제 발표",시행 전,2025-04-16,0.511,https://news.example.com/article/1042,윤석열,대출 및 금융 규제,9·7
슬픔,부동산 세제 개편 이후 강서구 집값 상승,시행 전,2026-04-27,0.776,https://news.example.com/article/1043,문재인,부동산 세제 개편,10·15
중립,"전문가 ""부동산 세제 개편, 시장에 미치는 영향은""",시행일,2025-06-08,0.707,https://news.example.com/article/1044,박근혜,부동산 세제 개편,6·27
분노,"전문가 ""주택 공급 대책, 시장에 미치는 영향은""",시행 전,2024-10-06,0.73,https://news.example.com/article/1045,박근혜,주택 공급 대책,6·27
중립,시장 안정 대책 이후 노원구 집값 보합,시행일,2024-07-02,0.919,https://news.example.com/article/1046,이재명,시장 안정 대책,10·15
슬픔,금천구 주민들 시장 안정 대책에 엇갈린 반응,초기 반응,2024-07-17,0.544,https://news.example.com/article/1047,문재인,시장 안정 대책,9·7
공포,부동산 세제 개편 이후 강북구 집값 하락,시행일,2025-12-15,0.869,https://news.example.com/article/1048,박근혜,부동산 세제 개편,9·7
슬픔,주택 공급 대책 이후 강서구 집값 상승,초기 반응,2024-10-03,0.998,https://news.example.com/article/1049,이재명,주택 공급 대책,10·15
중립,"박근혜 정부, 시장 안정 대책 발표",체감 반응,2026-04-15,0.769,https://news.example.com/article/1050,박근혜,시장 안정 대책,10·15
분노,"문재인 정부, 주택 공급 대책 발표",시행일,2024-06-10,0.967,https://news.example.com/article/1051,문재인,주택 공급 대책,8·13
공포,"국토부 ""시장 안정 대책 효과 지켜봐야""",시행일,2024-05-23,0.755,https://news.example.com/article/1052,이재명,시장 안정 대책,10·15
중립,"전문가 ""주택 공급 대책, 시장에 미치는 영향은""",시행일,2025-06-04,0.543,https://news.example.com/article/1053,윤석열,주택 공급 대책,8·13
공포,"국토부 ""시장 안정 대책 효과 지켜봐야""",시행일,2024-12-23,0.859,https://news.example.com/article/1054,이재명,시장 안정 대책,6·27
중립,"문재인 정부, 주택 공급 대책 발표",체감 반응,2026-03-03,0.566,https://news.example.com/article/1055,문재인,주택 공급 대책,10·15
행복,"국토부 ""시장 안정 대책 효과 지켜봐야""",체감 반응,2024-09-21,0.753,https://news.example.com/article/1056,문재인,시장 안정 대책,9·7
공포,"이재명 정부, 대출 및 금융 규제 발표",초기 반응,2024-09-14,0.893,https://news.example.com/article/1057,이재명,대출 및 금융 규제,9·7
공포,시장 안정 대책 이후 도봉구 집값 상승,시행일,2025-12-20,0.891,https://news.example.com/article/1058,이재명,시장 안정 대책,9·7
분노,대출 및 금융 규제 이후 구로구 집값 보합,체감 반응,2024-11-10,0.817,https://news.example.com/article/1059,박근혜,대출 및 금융 규제,6·27
공포,대출 및 금융 규제 이후 관악구 집값 하락,체감 반응,2025-10-04,0.757,https://news.example.com/article/1060,박근혜,대출 및 금융 규제,6·27
공포,강서구 주민들 주택 공급 대책에 엇갈린 반응,체감 반응,2024-08-02,0.81,https://news.example.com/article/1061,이재명,주택 공급 대책,8·13
공포,"국토부 ""대출 및 금융 규제 효과 지켜봐야""",시행일,2024-12-12,0.518,https://news.example.com/article/1062,윤석열,대출 및 금융 규제,6·27
슬픔,"문재인 정부, 시장 안정 대책 발표",시행일,2025-05-30,0.867,https://news.example.com/article/1063,문재인,시장 안정 대책,10·15
놀람,"국토부 ""부동산 세제 개편 효과 지켜봐야""",초기 반응,2024-05-23,0.576,https://news.example.com/article/1064,이재명,부동산 세제 개편,8·13
슬픔,"문재인 정부, 부동산 세제 개편 발표",초기 반응,2024-05-30,0.933,https://news.example.com/article/1065,문재인,부동산 세제 개편,9·7
공포,"전문가 ""부동산 세제 개편, 시장에 미치는 영향은""",체감 반응,2025-05-31,0.823,https://news.example.com/article/1066,박근혜,부동산 세제 개편,6·27
혐오,"국토부 ""부동산 세제 개편 효과 지켜봐야""",체감 반응,2026-04-05,0.635,https://news.example.com/article/1067,윤석열,부동산 세제 개편,10·15
공포,주택 공급 대책 이후 중랑구 집값 하락,초기 반응,2026-04-10,0.524,https://news.example.com/article/1068,이재명,주택 공급 대책,9·7
분노,"이재명 정부, 주택 공급 대책 발표",시행 전,2025-03-29,0.524,https://news.example.com/article/1069,이재명,주택 공급 대책,6·27
슬픔,"국토부 ""대출 및 금융 규제 효과 지켜봐야""",시행 전,2026-04-14,0.943,https://news.example.com/article/1070,윤석열,대출 및 금융 규제,8·13
슬픔,"국토부 ""대출 및 금융 규제 효과 지켜봐야""",체감 반응,2024-10-04,0.878,https://news.example.com/article/1071,이재명,대출 및 금융 규제,6·27
놀람,"국토부 ""대출 및 금융 규제 효과 지켜봐야""",초기 반응,2024-05-15,0.628,https://news.example.com/article/1072,이재명,대출 및 금융 규제,6·27
공포,"윤석열 정부, 대출 및 금융 규제 발표",체감 반응,2025-08-16,0.724,https://news.example.com/article/1073,윤석열,대출 및 금융 규제,6·27
중립,"이재명 정부, 시장 안정 대책 발표",체감 반응,2024-09-07,0.863,https://news.example.com/article/1074,이재명,시장 안정 대책,8·13
놀람,"문재인 정부, 대출 및 금융 규제 발표",초기 반응,2025-08-28,0.84,https://news.example.com/article/1075,문재인,대출 및 금융 규제,6·27
행복,강서구 주민들 부동산 세제 개편에 엇갈린 반응,시행 전,2026-07-13,0.753,https://news.example.com/article/1076,이재명,부동산 세제 개편,10·15
슬픔,"국토부 ""부동산 세제 개편 효과 지켜봐야""",초기 반응,2025-04-11,0.81,https://news.example.com/article/1077,문재인,부동산 세제 개편,6·27
슬픔,"전문가 ""주택 공급 대책, 시장에 미치는 영향은""",시행일,2025-05-13,0.95,https://news.example.com/article/1078,이재명,주택 공급 대책,6·27
중립,"전문가 ""대출 및 금융 규제, 시장에 미치는 영향은""",체감 반응,2025-06-02,0.726,https://news.example.com/article/1079,문재인,대출 및 금융 규제,8·13
공포,"이재명 정부, 시장 안정 대책 발표",체감 반응,2024-07-07,0.909,https://news.example.com/article/1080,이재명,시장 안정 대책,10·15
분노,시장 안정 대책 이후 강남구 집값 하락,초기 반응,2026-03-18,0.841,https://news.example.com/article/1081,박근혜,시장 안정 대책,10·15
분노,"국토부 ""시장 안정 대책 효과 지켜봐야""",초기 반응,2024-10-21,0.734,https://news.example.com/article/1082,문재인,시장 안정 대책,8·13
분노,부동산 세제 개편 이후 구로구 집값 상승,체감 반응,2025-09-03,0.657,https://news.example.com/article/1083,이재명,부동산 세제 개편,6·27
슬픔,부동산 세제 개편 이후 강동구 집값 보합,시행 전,2025-12-17,0.521,https://news.example.com/article/1084,이재명,부동산 세제 개편,9·7
슬픔,"국토부 ""부동산 세제 개편 효과 지켜봐야""",시행 전,2024-07-11,0.994,https://news.example.com/article/1085,문재인,부동산 세제 개편,9·7
공포,중구 주민들 대출 및 금융 규제에 엇갈린 반응,초기 반응,2024-07-30,0.794,https://news.example.com/article/1086,윤석열,대출 및 금융 규제,6·27
혐오,"박근혜 정부, 대출 및 금융 규제 발표",체감 반응,2026-02-20,0.526,https://news.example.com/article/1087,박근혜,대출 및 금융 규제,8·13
분노,"전문가 ""시장 안정 대책, 시장에 미치는 영향은""",체감 반응,2026-05-29,0.594,https://news.example.com/article/1088,윤석열,시장 안정 대책,9·7
중립,"국토부 ""주택 공급 대책 효과 지켜봐야""",시행 전,2024-10-29,0.774,https://news.example.com/article/1089,이재명,주택 공급 대책,8·13
중립,"박근혜 정부, 부동산 세제 개편 발표",초기 반응,2024-10-25,0.601,https://news.example.com/article/1090,박근혜,부동산 세제 개편,6·27
분노,"문재인 정부, 부동산 세제 개편 발표",초기 반응,2025-05-28,0.917,https://news.example.com/article/1091,문재인,부동산 세제 개편,6·27
분노,"전문가 ""부동산 세제 개편, 시장에 미치는 영향은""",체감 반응,2025-11-15,0.759,https://news.example.com/article/1092,이재명,부동산 세제 개편,10·15
놀람,중랑구 주민들 대출 및 금융 규제에 엇갈린 반응,체감 반응,2024-10-31,0.677,https://news.example.com/article/1093,윤석열,대출 및 금융 규제,8·13
슬픔,영등포구 주민들 대출 및 금융 규제에 엇갈린 반응,초기 반응,2026-05-08,0.618,https://news.example.com/article/1094,이재명,대출 및 금융 규제,9·7
공포,"이재명 정부, 대출 및 금융 규제 발표",시행일,2024-07-08,0.519,https://news.example.com/article/1095,이재명,대출 및 금융 규제,6·27
놀람,성동구 주민들 부동산 세제 개편에 엇갈린 반응,시행 전,2026-01-17,0.975,https://news.example.com/article/1096,문재인,부동산 세제 개편,6·27
중립,시장 안정 대책 이후 광진구 집값 상승,체감 반응,2025-01-15,0.946,https://news.example.com/article/1097,윤석열,시장 안정 대책,8·13
혐오,시장 안정 대책 이후 관악구 집값 보합,시행일,2026-01-03,0.839,https://news.example.com/article/1098,박근혜,시장 안정 대책,8·13
행복,"박근혜 정부, 주택 공급 대책 발표",시행 전,2026-01-01,0.808,https://news.example.com/article/1099,박근혜,주택 공급 대책,6·27
분노,"국토부 ""시장 안정 대책 효과 지켜봐야""",시행 전,2024-05-30,0.577,https://news.example.com/article/1100,이재명,시장 안정 대책,9·7
중립,"전문가 ""대출 및 금융 규제, 시장에 미치는 영향은""",시행일,2025-07-30,0.538,https://news.example.com/article/1101,이재명,대출 및 금융 규제,9·7
공포,대출 및 금융 규제 이후 마포구 집값 하락,시행일,2026-04-22,0.571,https://news.example.com/article/1102,문재인,대출 및 금융 규제,9·7
행복,"전문가 ""대출 및 금융 규제, 시장에 미치는 영향은""",시행 전,2024-08-11,0.597,https://news.example.com/article/1103,이재명,대출 및 금융 규제,8·13
놀람,영등포구 주민들 부동산 세제 개편에 엇갈린 반응,시행일,2025-08-10,0.921,https://news.example.com/article/1104,윤석열,부동산 세제 개편,8·13
중립,"국토부 ""시장 안정 대책 효과 지켜봐야""",체감 반응,2024-12-12,0.837,https://news.example.com/article/1105,이재명,시장 안정 대책,6·27
행복,"국토부 ""부동산 세제 개편 효과 지켜봐야""",시행 전,2026-06-30,0.795,https://news.example.com/article/1106,윤석열,부동산 세제 개편,10·15
분노,"국토부 ""주택 공급 대책 효과 지켜봐야""",시행 전,2026-01-01,0.899,https://news.example.com/article/1107,박근혜,주택 공급 대책,10·15
중립,"전문가 ""부동산 세제 개편, 시장에 미치는 영향은""",초기 반응,2024-07-01,0.867,https://news.example.com/article/1108,윤석열,부동산 세제 개편,6·27
중립,"이재명 정부, 주택 공급 대책 발표",체감 반응,2025-12-24,0.82,https://news.example.com/article/1109,이재명,주택 공급 대책,8·13
공포,"국토부 ""주택 공급 대책 효과 지켜봐야""",초기 반응,2026-04-20,0.577,https://news.example.com/article/1110,윤석열,주택 공급 대책,10·15
중립,부동산 세제 개편 이후 동작구 집값 보합,체감 반응,2024-07-12,0.981,https://news.example.com/article/1111,윤석열,부동산 세제 개편,6·27
공포,시장 안정 대책 이후 강북구 집값 상승,초기 반응,2025-11-01,0.715,https://news.example.com/article/1112,이재명,시장 안정 대책,6·27
혐오,대출 및 금융 규제 이후 강남구 집값 하락,시행 전,2026-02-18,0.624,https://news.example.com/article/1113,이재명,대출 및 금융 규제,8·13
분노,주택 공급 대책 이후 동대문구 집값 상승,시행 전,2025-08-04,0.686,https://news.example.com/article/1114,문재인,주택 공급 대책,10·15
혐오,"문재인 정부, 주택 공급 대책 발표",시행 전,2025-04-22,0.76,https://news.example.com/article/1115,문재인,주택 공급 대책,10·15
놀람,"윤석열 정부, 시장 안정 대책 발표",시행 전,2024-11-16,0.989,https://news.example.com/article/1116,윤석열,시장 안정 대책,8·13
중립,시장 안정 대책 이후 동대문구 집값 상승,초기 반응,2024-07-16,0.502,https://news.example.com/article/1117,문재인,시장 안정 대책,10·15
공포,"국토부 ""대출 및 금융 규제 효과 지켜봐야""",시행일,2025-05-18,0.704,https://news.example.com/article/1118,박근혜,대출 및 금융 규제,6·27
슬픔,대출 및 금융 규제 이후 송파구 집값 상승,체감 반응,2025-04-16,0.641,https://news.example.com/article/1119,이재명,대출 및 금융 규제,6·27
슬픔,"전문가 ""부동산 세제 개편, 시장에 미치는 영향은""",체감 반응,2024-12-30,0.88,https://news.example.com/article/1120,박근혜,부동산 세제 개편,8·13
중립,관악구 주민들 부동산 세제 개편에 엇갈린 반응,체감 반응,2024-06-18,0.957,https://news.example.com/article/1121,박근혜,부동산 세제 개편,10·15
공포,"국토부 ""부동산 세제 개편 효과 지켜봐야""",시행일,2025-05-27,0.998,https://news.example.com/article/1122,문재인,부동산 세제 개편,9·7
중립,시장 안정 대책 이후 용산구 집값 상승,시행 전,2025-08-14,0.867,https://news.example.com/article/1123,박근혜,시장 안정 대책,10·15
공포,대출 및 금융 규제 이후 광진구 집값 하락,체감 반응,2026-02-03,0.95,https://news.example.com/article/1124,윤석열,대출 및 금융 규제,9·7
중립,"전문가 ""부동산 세제 개편, 시장에 미치는 영향은""",시행 전,2024-06-26,0.598,https://news.example.com/article/1125,박근혜,부동산 세제 개편,9·7
혐오,"국토부 ""부동산 세제 개편 효과 지켜봐야""",시행 전,2024-08-10,0.791,https://news.example.com/article/1126,박근혜,부동산 세제 개편,9·7
행복,부동산 세제 개편 이후 성동구 집값 상승,시행 전,2024-06-17,0.872,https://news.example.com/article/1127,윤석열,부동산 세제 개편,6·27
중립,"전문가 ""시장 안정 대책, 시장에 미치는 영향은""",시행일,2024-11-01,0.971,https://news.example.com/article/1128,박근혜,시장 안정 대책,9·7
분노,"전문가 ""대출 및 금융 규제, 시장에 미치는 영향은""",체감 반응,2026-02-11,0.649,https://news.example.com/article/1129,이재명,대출 및 금융 규제,6·27
놀람,대출 및 금융 규제 이후 성북구 집값 보합,시행일,2025-06-11,0.577,https://news.example.com/article/1130,윤석열,대출 및 금융 규제,8·13
공포,중구 주민들 부동산 세제 개편에 엇갈린 반응,체감 반응,2026-06-09,0.572,https://news.example.com/article/1131,박근혜,부동산 세제 개편,8·13
슬픔,"국토부 ""대출 및 금융 규제 효과 지켜봐야""",체감 반응,2025-10-12,0.788,https://news.example.com/article/1132,문재인,대출 및 금융 규제,8·13
분노,시장 안정 대책 이후 강동구 집값 상승,시행일,2025-03-04,0.567,https://news.example.com/article/1133,박근혜,시장 안정 대책,9·7
혐오,도봉구 주민들 주택 공급 대책에 엇갈린 반응,체감 반응,2025-02-16,0.949,https://news.example.com/article/1134,이재명,주택 공급 대책,10·15
놀람,부동산 세제 개편 이후 강북구 집값 상승,시행일,2026-05-21,0.53,https://news.example.com/article/1135,이재명,부동산 세제 개편,6·27
분노,"전문가 ""시장 안정 대책, 시장에 미치는 영향은""",초기 반응,2026-04-09,0.595,https://news.example.com/article/1136,이재명,시장 안정 대책,10·15
분노,"전문가 ""주택 공급 대책, 시장에 미치는 영향은""",체감 반응,2024-12-07,0.641,https://news.example.com/article/1137,문재인,주택 공급 대책,6·27
중립,"전문가 ""대출 및 금융 규제, 시장에 미치는 영향은""",초기 반응,2024-10-19,0.704,https://news.example.com/article/1138,문재인,대출 및 금융 규제,6·27
공포,영등포구 주민들 주택 공급 대책에 엇갈린 반응,초기 반응,2025-07-07,0.826,https://news.example.com/article/1139,윤석열,주택 공급 대책,8·13
슬픔,"이재명 정부, 대출 및 금융 규제 발표",시행 전,2025-03-10,0.856,https://news.example.com/article/1140,이재명,대출 및 금융 규제,6·27
놀람,대출 및 금융 규제 이후 관악구 집값 상승,체감 반응,2025-10-03,0.76,https://news.example.com/article/1141,윤석열,대출 및 금융 규제,6·27
중립,중구 주민들 부동산 세제 개편에 엇갈린 반응,체감 반응,2025-03-27,0.533,https://news.example.com/article/1142,윤석열,부동산 세제 개편,10·15
공포,대출 및 금융 규제 이후 종로구 집값 하락,시행일,2024-08-29,0.832,https://news.example.com/article/1143,윤석열,대출 및 금융 규제,6·27
중립,"국토부 ""부동산 세제 개편 효과 지켜봐야""",초기 반응,2024-05-30,0.53,https://news.example.com/article/1144,이재명,부동산 세제 개편,8·13
중립,은평구 주민들 주택 공급 대책에 엇갈린 반응,체감 반응,2025-06-27,0.903,https://news.example.com/article/1145,박근혜,주택 공급 대책,10·15
공포,대출 및 금융 규제 이후 강북구 집값 보합,체감 반응,2024-05-17,0.883,https://news.example.com/article/1146,이재명,대출 및 금융 규제,6·27
슬픔,"문재인 정부, 부동산 세제 개편 발표",시행 전,2025-09-25,0.622,https://news.example.com/article/1147,문재인,부동산 세제 개편,10·15
행복,"국토부 ""주택 공급 대책 효과 지켜봐야""",체감 반응,2025-05-10,0.942,https://news.example.com/article/1148,박근혜,주택 공급 대책,8·13
혐오,"박근혜 정부, 대출 및 금융 규제 발표",초기 반응,2026-03-21,0.932,https://news.example.com/article/1149,박근혜,대출 및 금융 규제,9·7
행복,중구 주민들 부동산 세제 개편에 엇갈린 반응,초기 반응,2026-01-17,0.835,https://news.example.com/article/1150,문재인,부동산 세제 개편,10·15
중립,"국토부 ""대출 및 금융 규제 효과 지켜봐야""",초기 반응,2025-11-17,0.655,https://news.example.com/article/1151,박근혜,대출 및 금융 규제,9·7
공포,시장 안정 대책 이후 강서구 집값 하락,시행일,2024-12-18,0.627,https://news.example.com/article/1152,박근혜,시장 안정 대책,6·27
공포,성동구 주민들 대출 및 금융 규제에 엇갈린 반응,시행 전,2026-02-03,0.879,https://news.example.com/article/1153,이재명,대출 및 금융 규제,6·27
슬픔,서대문구 주민들 시장 안정 대책에 엇갈린 반응,시행 전,2026-07-07,0.764,https://news.example.com/article/1154,문재인,시장 안정 대책,8·13
슬픔,강동구 주민들 부동산 세제 개편에 엇갈린 반응,초기 반응,2025-08-29,0.676,https://news.example.com/article/1155,윤석열,부동산 세제 개편,6·27
공포,"국토부 ""대출 및 금융 규제 효과 지켜봐야""",초기 반응,2026-02-21,0.938,https://news.example.com/article/1156,이재명,대출 및 금융 규제,9·7
혐오,부동산 세제 개편 이후 광진구 집값 보합,체감 반응,2025-02-13,0.691,https://news.example.com/article/1157,이재명,부동산 세제 개편,6·27
공포,주택 공급 대책 이후 강남구 집값 상승,초기 반응,2025-10-09,0.986,https://news.example.com/article/1158,윤석열,주택 공급 대책,10·15
놀람,"전문가 ""부동산 세제 개편, 시장에 미치는 영향은""",시행 전,2026-06-12,0.84,https://news.example.com/article/1159,박근혜,부동산 세제 개편,10·15
분노,대출 및 금융 규제 이후 종로구 집값 상승,초기 반응,2024-06-01,0.953,https://news.example.com/article/1160,윤석열,대출 및 금융 규제,8·13
중립,"전문가 ""시장 안정 대책, 시장에 미치는 영향은""",시행일,2024-09-09,0.686,https://news.example.com/article/1161,이재명,시장 안정 대책,10·15
중립,"전문가 ""주택 공급 대책, 시장에 미치는 영향은""",체감 반응,2025-01-07,0.715,https://news.example.com/article/1162,문재인,주택 공급 대책,9·7
중립,"국토부 ""시장 안정 대책 효과 지켜봐야""",시행일,2025-11-15,0.756,https://news.example.com/article/1163,이재명,시장 안정 대책,9·7
중립,"이재명 정부, 주택 공급 대책 발표",시행일,2024-05-21,0.797,https://news.example.com/article/1164,이재명,주택 공급 대책,10·15
중립,"이재명 정부, 대출 및 금융 규제 발표",초기 반응,2024-12-24,0.947,https://news.example.com/article/1165,이재명,대출 및 금융 규제,10·15
슬픔,주택 공급 대책 이후 강동구 집값 보합,시행일,2025-07-06,0.508,https://news.example.com/article/1166,박근혜,주택 공급 대책,10·15
공포,강북구 주민들 주택 공급 대책에 엇갈린 반응,시행일,2024-07-26,0.788,https://news.example.com/article/1167,문재인,주택 공급 대책,8·13
공포,"국토부 ""시장 안정 대책 효과 지켜봐야""",시행 전,2024-12-13,0.918,https://news.example.com/article/1168,윤석열,시장 안정 대책,9·7
혐오,서대문구 주민들 주택 공급 대책에 엇갈린 반응,시행 전,2026-01-09,0.997,https://news.example.com/article/1169,박근혜,주택 공급 대책,10·15
행복,강서구 주민들 시장 안정 대책에 엇갈린 반응,체감 반응,2026-03-17,0.749,https://news.example.com/article/1170,이재명,시장 안정 대책,6·27
공포,"전문가 ""시장 안정 대책, 시장에 미치는 영향은""",체감 반응,2026-05-22,0.854,https://news.example.com/article/1171,윤석열,시장 안정 대책,8·13
중립,대출 및 금융 규제 이후 성동구 집값 하락,시행일,2024-12-04,0.714,https://news.example.com/article/1172,이재명,대출 및 금융 규제,9·7
분노,동대문구 주민들 주택 공급 대책에 엇갈린 반응,체감 반응,2024-07-14,0.75,https://news.example.com/article/1173,문재인,주택 공급 대책,6·27
분노,"국토부 ""시장 안정 대책 효과 지켜봐야""",시행일,2024-09-01,0.52,https://news.example.com/article/1174,이재명,시장 안정 대책,6·27
중립,"국토부 ""대출 및 금융 규제 효과 지켜봐야""",시행일,2024-05-23,0.894,https://news.example.com/article/1175,이재명,대출 및 금융 규제,8·13
중립,"박근혜 정부, 부동산 세제 개편 발표",초기 반응,2026-06-08,0.758,https://news.example.com/article/1176,박근혜,부동산 세제 개편,10·15
혐오,"국토부 ""대출 및 금융 규제 효과 지켜봐야""",초기 반응,2024-09-08,0.899,https://news.example.com/article/1177,박근혜,대출 및 금융 규제,10·15
분노,마포구 주민들 대출 및 금융 규제에 엇갈린 반응,시행 전,2025-03-17,0.637,https://news.example.com/article/1178,문재인,대출 및 금융 규제,10·15
혐오,시장 안정 대책 이후 중구 집값 상승,시행 전,2025-02-11,0.749,https://news.example.com/article/1179,이재명,시장 안정 대책,8·13
혐오,강북구 주민들 대출 및 금융 규제에 엇갈린 반응,체감 반응,2025-01-03,0.894,https://news.example.com/article/1180,문재인,대출 및 금융 규제,9·7
슬픔,"전문가 ""주택 공급 대책, 시장에 미치는 영향은""",초기 반응,2026-03-31,0.549,https://news.example.com/article/1181,이재명,주택 공급 대책,6·27
중립,"국토부 ""부동산 세제 개편 효과 지켜봐야""",체감 반응,2025-08-10,0.611,https://news.example.com/article/1182,윤석열,부동산 세제 개편,8·13
혐오,"문재인 정부, 시장 안정 대책 발표",초기 반응,2026-03-05,0.966,https://news.example.com/article/1183,문재인,시장 안정 대책,6·27
공포,"전문가 ""부동산 세제 개편, 시장에 미치는 영향은""",시행 전,2025-08-07,0.699,https://news.example.com/article/1184,윤석열,부동산 세제 개편,6·27
중립,"국토부 ""시장 안정 대책 효과 지켜봐야""",초기 반응,2026-01-16,0.631,https://news.example.com/article/1185,박근혜,시장 안정 대책,9·7
중립,"전문가 ""부동산 세제 개편, 시장에 미치는 영향은""",시행 전,2024-11-19,0.989,https://news.example.com/article/1186,박근혜,부동산 세제 개편,10·15
슬픔,부동산 세제 개편 이후 마포구 집값 보합,시행일,2026-03-03,0.543,https://news.example.com/article/1187,이재명,부동산 세제 개편,10·15
슬픔,"국토부 ""주택 공급 대책 효과 지켜봐야""",초기 반응,2025-09-28,0.737,https://news.example.com/article/1188,박근혜,주택 공급 대책,9·7
놀람,"윤석열 정부, 주택 공급 대책 발표",시행 전,2024-08-21,0.842,https://news.example.com/article/1189,윤석열,주택 공급 대책,9·7
분노,대출 및 금융 규제 이후 서대문구 집값 상승,시행일,2025-03-13,0.643,https://news.example.com/article/1190,박근혜,대출 및 금융 규제,10·15
공포,"문재인 정부, 주택 공급 대책 발표",체감 반응,2024-07-22,0.712,https://news.example.com/article/1191,문재인,주택 공급 대책,8·13
혐오,"국토부 ""대출 및 금융 규제 효과 지켜봐야""",체감 반응,2024-05-20,0.935,https://news.example.com/article/1192,박근혜,대출 및 금융 규제,9·7
공포,"국토부 ""부동산 세제 개편 효과 지켜봐야""",시행일,2026-01-08,0.737,https://news.example.com/article/1193,박근혜,부동산 세제 개편,8·13
슬픔,"전문가 ""주택 공급 대책, 시장에 미치는 영향은""",체감 반응,2024-11-29,0.512,https://news.example.com/article/1194,윤석열,주택 공급 대책,8·13
공포,"전문가 ""대출 및 금융 규제, 시장에 미치는 영향은""",초기 반응,2025-05-25,0.638,https://news.example.com/article/1195,윤석열,대출 및 금융 규제,6·27
공포,서초구 주민들 부동산 세제 개편에 엇갈린 반응,시행일,2026-04-23,0.796,https://news.example.com/article/1196,이재명,부동산 세제 개편,9·7
중립,"국토부 ""주택 공급 대책 효과 지켜봐야""",시행일,2024-06-19,0.688,https://news.example.com/article/1197,이재명,주택 공급 대책,9·7
공포,"이재명 정부, 주택 공급 대책 발표",체감 반응,2025-09-29,0.964,https://news.example.com/article/1198,이재명,주택 공급 대책,6·27
분노,"국토부 ""대출 및 금융 규제 효과 지켜봐야""",시행일,2025-10-27,0.683,https://news.example.com/article/1199,윤석열,대출 및 금융 규제,9·7
공포,"국토부 ""대출 및 금융 규제 효과 지켜봐야""",초기 반응,2024-07-24,0.618,https://news.example.com/article/1200,문재인,대출 및 금융 규제,9·7
중립,"윤석열 정부, 부동산 세제 개편 발표",시행일,2024-07-14,0.513,https://news.example.com/article/1201,윤석열,부동산 세제 개편,9·7
분노,강서구 주민들 시장 안정 대책에 엇갈린 반응,시행 전,2026-01-02,0.72,https://news.example.com/article/1202,문재인,시장 안정 대책,6·27
중립,시장 안정 대책 이후 동작구 집값 상승,초기 반응,2024-08-28,0.896,https://news.example.com/article/1203,이재명,시장 안정 대책,6·27
혐오,"전문가 ""부동산 세제 개편, 시장에 미치는 영향은""",시행일,2024-06-04,0.894,https://news.example.com/article/1204,윤석열,부동산 세제 개편,6·27
중립,"박근혜 정부, 부동산 세제 개편 발표",체감 반응,2024-05-09,0.844,https://news.example.com/article/1205,박근혜,부동산 세제 개편,10·15
중립,대출 및 금융 규제 이후 강북구 집값 보합,시행 전,2025-12-31,0.718,https://news.example.com/article/1206,박근혜,대출 및 금융 규제,9·7
슬픔,"전문가 ""시장 안정 대책, 시장에 미치는 영향은""",초기 반응,2024-12-14,0.984,https://news.example.com/article/1207,이재명,시장 안정 대책,9·7
중립,"이재명 정부, 주택 공급 대책 발표",시행 전,2025-07-30,0.803,https://news.example.com/article/1208,이재명,주택 공급 대책,9·7
공포,"전문가 ""대출 및 금융 규제, 시장에 미치는 영향은""",체감 반응,2024-05-18,0.988,https://news.example.com/article/1209,박근혜,대출 및 금융 규제,10·15
슬픔,"전문가 ""부동산 세제 개편, 시장에 미치는 영향은""",시행 전,2026-05-31,0.811,https://news.example.com/article/1210,윤석열,부동산 세제 개편,6·27
중립,"국토부 ""주택 공급 대책 효과 지켜봐야""",초기 반응,2024-08-20,0.79,https://news.example.com/article/1211,박근혜,주택 공급 대책,10·15
분노,"전문가 ""대출 및 금융 규제, 시장에 미치는 영향은""",초기 반응,2025-12-17,0.966,https://news.example.com/article/1212,문재인,대출 및 금융 규제,10·15
중립,용산구 주민들 부동산 세제 개편에 엇갈린 반응,체감 반응,2026-04-06,0.938,https://news.example.com/article/1213,박근혜,부동산 세제 개편,8·13
분노,"전문가 ""부동산 세제 개편, 시장에 미치는 영향은""",체감 반응,2025-08-13,0.534,https://news.example.com/article/1214,이재명,부동산 세제 개편,10·15
중립,"전문가 ""대출 및 금융 규제, 시장에 미치는 영향은""",시행일,2024-07-10,0.514,https://news.example.com/article/1215,이재명,대출 및 금융 규제,8·13
놀람,"국토부 ""부동산 세제 개편 효과 지켜봐야""",시행 전,2025-11-30,0.732,https://news.example.com/article/1216,윤석열,부동산 세제 개편,10·15
분노,"문재인 정부, 대출 및 금융 규제 발표",체감 반응,2024-12-14,0.871,https://news.example.com/article/1217,문재인,대출 및 금융 규제,9·7
중립,"전문가 ""시장 안정 대책, 시장에 미치는 영향은""",시행일,2025-07-14,0.77,https://news.example.com/article/1218,이재명,시장 안정 대책,10·15
분노,성북구 주민들 주택 공급 대책에 엇갈린 반응,초기 반응,2024-06-07,0.74,https://news.example.com/article/1219,윤석열,주택 공급 대책,8·13
혐오,주택 공급 대책 이후 성동구 집값 하락,체감 반응,2025-03-31,0.595,https://news.example.com/article/1220,박근혜,주택 공급 대책,9·7
혐오,"윤석열 정부, 대출 및 금융 규제 발표",초기 반응,2025-04-12,0.592,https://news.example.com/article/1221,윤석열,대출 및 금융 규제,6·27
혐오,"윤석열 정부, 시장 안정 대책 발표",초기 반응,2026-07-15,0.91,https://news.example.com/article/1222,윤석열,시장 안정 대책,8·13
중립,"이재명 정부, 주택 공급 대책 발표",시행일,2025-10-20,0.617,https://news.example.com/article/1223,이재명,주택 공급 대책,8·13
공포,강동구 주민들 부동산 세제 개편에 엇갈린 반응,초기 반응,2024-06-14,0.915,https://news.example.com/article/1224,문재인,부동산 세제 개편,8·13
놀람,시장 안정 대책 이후 관악구 집값 상승,시행일,2025-09-09,0.565,https://news.example.com/article/1225,문재인,시장 안정 대책,6·27
중립,"국토부 ""대출 및 금융 규제 효과 지켜봐야""",체감 반응,2025-12-25,0.891,https://news.example.com/article/1226,이재명,대출 및 금융 규제,10·15
중립,시장 안정 대책 이후 서대문구 집값 하락,초기 반응,2024-06-09,0.663,https://news.example.com/article/1227,문재인,시장 안정 대책,9·7
슬픔,시장 안정 대책 이후 강남구 집값 하락,초기 반응,2025-05-14,0.596,https://news.example.com/article/1228,윤석열,시장 안정 대책,9·7
공포,주택 공급 대책 이후 서초구 집값 보합,시행일,2026-05-07,0.517,https://news.example.com/article/1229,박근혜,주택 공급 대책,10·15
슬픔,"전문가 ""주택 공급 대책, 시장에 미치는 영향은""",체감 반응,2024-08-15,0.843,https://news.example.com/article/1230,윤석열,주택 공급 대책,6·27
공포,시장 안정 대책 이후 강동구 집값 하락,초기 반응,2024-07-29,0.948,https://news.example.com/article/1231,이재명,시장 안정 대책,10·15
중립,"윤석열 정부, 시장 안정 대책 발표",시행일,2025-09-16,0.909,https://news.example.com/article/1232,윤석열,시장 안정 대책,6·27
중립,주택 공급 대책 이후 양천구 집값 상승,시행일,2025-07-05,0.723,https://news.example.com/article/1233,박근혜,주택 공급 대책,9·7
중립,"국토부 ""시장 안정 대책 효과 지켜봐야""",시행 전,2025-02-26,0.963,https://news.example.com/article/1234,문재인,시장 안정 대책,10·15
놀람,부동산 세제 개편 이후 노원구 집값 상승,시행일,2025-02-08,0.651,https://news.example.com/article/1235,이재명,부동산 세제 개편,6·27
공포,성동구 주민들 부동산 세제 개편에 엇갈린 반응,시행일,2024-06-16,0.59,https://news.example.com/article/1236,문재인,부동산 세제 개편,8·13
중립,구로구 주민들 대출 및 금융 규제에 엇갈린 반응,시행일,2024-08-24,0.636,https://news.example.com/article/1237,이재명,대출 및 금융 규제,9·7
중립,"전문가 ""시장 안정 대책, 시장에 미치는 영향은""",초기 반응,2025-01-29,0.946,https://news.example.com/article/1238,이재명,시장 안정 대책,9·7
중립,"박근혜 정부, 부동산 세제 개편 발표",시행 전,2025-07-24,0.861,https://news.example.com/article/1239,박근혜,부동산 세제 개편,9·7
공포,부동산 세제 개편 이후 노원구 집값 상승,시행일,2025-11-29,0.649,https://news.example.com/article/1240,박근혜,부동산 세제 개편,6·27
혐오,"국토부 ""대출 및 금융 규제 효과 지켜봐야""",초기 반응,2024-11-24,0.551,https://news.example.com/article/1241,문재인,대출 및 금융 규제,10·15
행복,"박근혜 정부, 주택 공급 대책 발표",시행일,2026-02-11,0.753,https://news.example.com/article/1242,박근혜,주택 공급 대책,6·27
중립,"국토부 ""주택 공급 대책 효과 지켜봐야""",시행일,2025-01-04,0.603,https://news.example.com/article/1243,박근혜,주택 공급 대책,10·15
행복,"국토부 ""시장 안정 대책 효과 지켜봐야""",초기 반응,2026-01-24,0.846,https://news.example.com/article/1244,이재명,시장 안정 대책,9·7
놀람,금천구 주민들 부동산 세제 개편에 엇갈린 반응,초기 반응,2025-03-11,0.58,https://news.example.com/article/1245,윤석열,부동산 세제 개편,6·27
슬픔,중랑구 주민들 대출 및 금융 규제에 엇갈린 반응,시행일,2025-04-19,0.672,https://news.example.com/article/1246,문재인,대출 및 금융 규제,8·13
분노,부동산 세제 개편 이후 동작구 집값 하락,초기 반응,2024-06-23,0.757,https://news.example.com/article/1247,윤석열,부동산 세제 개편,9·7
혐오,주택 공급 대책 이후 강남구 집값 보합,시행일,2024-08-22,0.765,https://news.example.com/article/1248,박근혜,주택 공급 대책,10·15
중립,"전문가 ""대출 및 금융 규제, 시장에 미치는 영향은""",체감 반응,2025-03-03,0.582,https://news.example.com/article/1249,이재명,대출 및 금융 규제,6·27
분노,강북구 주민들 대출 및 금융 규제에 엇갈린 반응,체감 반응,2025-10-18,0.638,https://news.example.com/article/1250,박근혜,대출 및 금융 규제,9·7
분노,"이재명 정부, 대출 및 금융 규제 발표",초기 반응,2026-07-13,0.523,https://news.example.com/article/1251,이재명,대출 및 금융 규제,8·13
행복,부동산 세제 개편 이후 송파구 집값 하락,시행일,2025-08-29,0.705,https://news.example.com/article/1252,이재명,부동산 세제 개편,8·13
분노,"국토부 ""대출 및 금융 규제 효과 지켜봐야""",시행 전,2025-09-22,0.896,https://news.example.com/article/1253,문재인,대출 및 금융 규제,10·15
슬픔,주택 공급 대책 이후 중구 집값 하락,시행일,2024-10-08,0.553,https://news.example.com/article/1254,박근혜,주택 공급 대책,9·7
혐오,"국토부 ""대출 및 금융 규제 효과 지켜봐야""",체감 반응,2025-04-21,0.976,https://news.example.com/article/1255,문재인,대출 및 금융 규제,9·7
공포,"국토부 ""부동산 세제 개편 효과 지켜봐야""",체감 반응,2026-06-15,0.585,https://news.example.com/article/1256,박근혜,부동산 세제 개편,8·13
놀람,"국토부 ""대출 및 금융 규제 효과 지켜봐야""",초기 반응,2026-04-26,0.568,https://news.example.com/article/1257,윤석열,대출 및 금융 규제,8·13
공포,양천구 주민들 주택 공급 대책에 엇갈린 반응,시행 전,2024-09-12,0.789,https://news.example.com/article/1258,문재인,주택 공급 대책,6·27
슬픔,대출 및 금융 규제 이후 광진구 집값 상승,체감 반응,2025-01-15,0.608,https://news.example.com/article/1259,박근혜,대출 및 금융 규제,8·13
혐오,"전문가 ""대출 및 금융 규제, 시장에 미치는 영향은""",시행 전,2024-10-26,0.743,https://news.example.com/article/1260,문재인,대출 및 금융 규제,8·13
중립,동대문구 주민들 대출 및 금융 규제에 엇갈린 반응,체감 반응,2024-10-01,0.863,https://news.example.com/article/1261,이재명,대출 및 금융 규제,6·27
혐오,대출 및 금융 규제 이후 광진구 집값 상승,체감 반응,2025-04-14,0.969,https://news.example.com/article/1262,윤석열,대출 및 금융 규제,6·27
슬픔,"국토부 ""주택 공급 대책 효과 지켜봐야""",시행일,2025-07-03,0.758,https://news.example.com/article/1263,문재인,주택 공급 대책,10·15
공포,"윤석열 정부, 시장 안정 대책 발표",초기 반응,2025-07-30,0.981,https://news.example.com/article/1264,윤석열,시장 안정 대책,10·15
놀람,주택 공급 대책 이후 송파구 집값 보합,시행일,2025-10-24,0.719,https://news.example.com/article/1265,박근혜,주택 공급 대책,6·27
행복,"윤석열 정부, 대출 및 금융 규제 발표",체감 반응,2025-07-10,0.843,https://news.example.com/article/1266,윤석열,대출 및 금융 규제,9·7
중립,은평구 주민들 부동산 세제 개편에 엇갈린 반응,체감 반응,2025-05-01,0.603,https://news.example.com/article/1267,이재명,부동산 세제 개편,6·27
중립,주택 공급 대책 이후 마포구 집값 보합,시행 전,2025-12-31,0.524,https://news.example.com/article/1268,이재명,주택 공급 대책,9·7
놀람,"전문가 ""주택 공급 대책, 시장에 미치는 영향은""",체감 반응,2026-06-15,0.851,https://news.example.com/article/1269,박근혜,주택 공급 대책,8·13
공포,"이재명 정부, 대출 및 금융 규제 발표",시행 전,2025-06-26,0.732,https://news.example.com/article/1270,이재명,대출 및 금융 규제,6·27
중립,"전문가 ""대출 및 금융 규제, 시장에 미치는 영향은""",시행일,2025-03-16,0.991,https://news.example.com/article/1271,이재명,대출 및 금융 규제,8·13
공포,"윤석열 정부, 대출 및 금융 규제 발표",시행일,2024-05-10,0.649,https://news.example.com/article/1272,윤석열,대출 및 금융 규제,6·27
슬픔,동대문구 주민들 대출 및 금융 규제에 엇갈린 반응,체감 반응,2025-10-09,0.862,https://news.example.com/article/1273,윤석열,대출 및 금융 규제,9·7
공포,"국토부 ""주택 공급 대책 효과 지켜봐야""",초기 반응,2025-05-15,0.796,https://news.example.com/article/1274,박근혜,주택 공급 대책,8·13
공포,"박근혜 정부, 대출 및 금융 규제 발표",초기 반응,2026-03-04,0.544,https://news.example.com/article/1275,박근혜,대출 및 금융 규제,6·27
중립,대출 및 금융 규제 이후 중구 집값 보합,체감 반응,2025-05-26,0.94,https://news.example.com/article/1276,이재명,대출 및 금융 규제,6·27
중립,"윤석열 정부, 주택 공급 대책 발표",체감 반응,2025-07-15,0.546,https://news.example.com/article/1277,윤석열,주택 공급 대책,10·15
중립,"국토부 ""대출 및 금융 규제 효과 지켜봐야""",시행 전,2025-10-09,0.81,https://news.example.com/article/1278,박근혜,대출 및 금융 규제,10·15
분노,대출 및 금융 규제 이후 서초구 집값 하락,체감 반응,2024-07-24,0.886,https://news.example.com/article/1279,이재명,대출 및 금융 규제,6·27
슬픔,"전문가 ""주택 공급 대책, 시장에 미치는 영향은""",초기 반응,2026-04-21,0.676,https://news.example.com/article/1280,문재인,주택 공급 대책,10·15
분노,"이재명 정부, 부동산 세제 개편 발표",시행일,2026-06-29,0.745,https://news.example.com/article/1281,이재명,부동산 세제 개편,9·7
분노,주택 공급 대책 이후 관악구 집값 하락,시행일,2024-10-09,0.547,https://news.example.com/article/1282,이재명,주택 공급 대책,6·27
공포,"국토부 ""시장 안정 대책 효과 지켜봐야""",체감 반응,2025-10-04,0.967,https://news.example.com/article/1283,박근혜,시장 안정 대책,9·7
중립,"국토부 ""부동산 세제 개편 효과 지켜봐야""",시행일,2025-11-05,0.744,https://news.example.com/article/1284,이재명,부동산 세제 개편,6·27
혐오,"문재인 정부, 시장 안정 대책 발표",시행일,2024-08-28,0.901,https://news.example.com/article/1285,문재인,시장 안정 대책,8·13
슬픔,"국토부 ""시장 안정 대책 효과 지켜봐야""",시행 전,2025-07-09,0.853,https://news.example.com/article/1286,이재명,시장 안정 대책,6·27
중립,"윤석열 정부, 부동산 세제 개편 발표",초기 반응,2026-05-10,0.547,https://news.example.com/article/1287,윤석열,부동산 세제 개편,10·15
슬픔,"국토부 ""시장 안정 대책 효과 지켜봐야""",체감 반응,2024-05-17,0.845,https://news.example.com/article/1288,이재명,시장 안정 대책,6·27
공포,"이재명 정부, 대출 및 금융 규제 발표",시행일,2025-12-09,0.524,https://news.example.com/article/1289,이재명,대출 및 금융 규제,8·13
공포,"국토부 ""대출 및 금융 규제 효과 지켜봐야""",초기 반응,2025-10-26,0.859,https://news.example.com/article/1290,문재인,대출 및 금융 규제,8·13
중립,관악구 주민들 시장 안정 대책에 엇갈린 반응,체감 반응,2025-12-28,0.817,https://news.example.com/article/1291,박근혜,시장 안정 대책,8·13
중립,"국토부 ""대출 및 금융 규제 효과 지켜봐야""",시행 전,2026-03-19,0.924,https://news.example.com/article/1292,문재인,대출 및 금융 규제,6·27
분노,은평구 주민들 주택 공급 대책에 엇갈린 반응,초기 반응,2026-01-07,0.694,https://news.example.com/article/1293,이재명,주택 공급 대책,8·13
슬픔,양천구 주민들 시장 안정 대책에 엇갈린 반응,시행 전,2024-10-13,0.85,https://news.example.com/article/1294,문재인,시장 안정 대책,9·7
혐오,"국토부 ""부동산 세제 개편 효과 지켜봐야""",시행일,2024-09-13,0.508,https://news.example.com/article/1295,윤석열,부동산 세제 개편,9·7
공포,대출 및 금융 규제 이후 도봉구 집값 하락,시행일,2026-04-23,0.907,https://news.example.com/article/1296,이재명,대출 및 금융 규제,10·15
공포,부동산 세제 개편 이후 서대문구 집값 보합,시행일,2024-11-27,0.868,https://news.example.com/article/1297,이재명,부동산 세제 개편,8·13
놀람,"박근혜 정부, 부동산 세제 개편 발표",시행일,2024-10-25,0.841,https://news.example.com/article/1298,박근혜,부동산 세제 개편,9·7
분노,부동산 세제 개편 이후 강서구 집값 보합,초기 반응,2025-04-13,0.795,https://news.example.com/article/1299,박근혜,부동산 세제 개편,9·7
슬픔,중구 주민들 대출 및 금융 규제에 엇갈린 반응,시행일,2025-05-01,0.643,https://news.example.com/article/1300,윤석열,대출 및 금융 규제,10·15
공포,서초구 주민들 대출 및 금융 규제에 엇갈린 반응,초기 반응,2025-03-14,0.85,https://news.example.com/article/1301,이재명,대출 및 금융 규제,6·27
슬픔,"전문가 ""시장 안정 대책, 시장에 미치는 영향은""",체감 반응,2025-09-15,0.743,https://news.example.com/article/1302,이재명,시장 안정 대책,6·27
혐오,부동산 세제 개편 이후 강동구 집값 보합,시행일,2024-07-27,0.526,https://news.example.com/article/1303,이재명,부동산 세제 개편,8·13
놀람,"전문가 ""대출 및 금융 규제, 시장에 미치는 영향은""",시행 전,2025-11-12,0.733,https://news.example.com/article/1304,박근혜,대출 및 금융 규제,8·13
놀람,"전문가 ""부동산 세제 개편, 시장에 미치는 영향은""",체감 반응,2025-11-20,0.82,https://news.example.com/article/1305,윤석열,부동산 세제 개편,10·15
중립,"이재명 정부, 부동산 세제 개편 발표",시행 전,2024-06-17,0.713,https://news.example.com/article/1306,이재명,부동산 세제 개편,10·15
행복,"문재인 정부, 시장 안정 대책 발표",시행 전,2025-10-27,0.968,https://news.example.com/article/1307,문재인,시장 안정 대책,10·15
분노,시장 안정 대책 이후 중랑구 집값 보합,시행일,2024-12-08,0.739,https://news.example.com/article/1308,윤석열,시장 안정 대책,9·7
중립,은평구 주민들 시장 안정 대책에 엇갈린 반응,체감 반응,2025-01-24,0.739,https://news.example.com/article/1309,박근혜,시장 안정 대책,8·13
분노,성동구 주민들 대출 및 금융 규제에 엇갈린 반응,시행일,2025-05-17,0.878,https://news.example.com/article/1310,이재명,대출 및 금융 규제,6·27
중립,시장 안정 대책 이후 노원구 집값 하락,초기 반응,2025-08-05,0.673,https://news.example.com/article/1311,윤석열,시장 안정 대책,9·7
행복,"전문가 ""대출 및 금융 규제, 시장에 미치는 영향은""",체감 반응,2025-06-23,0.724,https://news.example.com/article/1312,문재인,대출 및 금융 규제,8·13
공포,대출 및 금융 규제 이후 강동구 집값 보합,체감 반응,2026-03-23,0.665,https://news.example.com/article/1313,이재명,대출 및 금융 규제,6·27
혐오,"박근혜 정부, 시장 안정 대책 발표",체감 반응,2025-05-04,0.848,https://news.example.com/article/1314,박근혜,시장 안정 대책,8·13
공포,부동산 세제 개편 이후 송파구 집값 보합,체감 반응,2025-08-05,0.589,https://news.example.com/article/1315,윤석열,부동산 세제 개편,8·13
분노,중구 주민들 대출 및 금융 규제에 엇갈린 반응,초기 반응,2024-11-10,0.658,https://news.example.com/article/1316,윤석열,대출 및 금융 규제,9·7
혐오,강동구 주민들 부동산 세제 개편에 엇갈린 반응,체감 반응,2025-07-06,0.923,https://news.example.com/article/1317,문재인,부동산 세제 개편,6·27
혐오,"이재명 정부, 대출 및 금융 규제 발표",시행일,2024-05-08,0.667,https://news.example.com/article/1318,이재명,대출 및 금융 규제,9·7
중립,"전문가 ""대출 및 금융 규제, 시장에 미치는 영향은""",시행일,2025-01-18,0.925,https://news.example.com/article/1319,윤석열,대출 및 금융 규제,10·15
슬픔,시장 안정 대책 이후 금천구 집값 하락,시행 전,2026-02-11,0.751,https://news.example.com/article/1320,박근혜,시장 안정 대책,6·27
행복,"국토부 ""주택 공급 대책 효과 지켜봐야""",시행일,2026-06-15,0.964,https://news.example.com/article/1321,윤석열,주택 공급 대책,8·13
공포,"국토부 ""시장 안정 대책 효과 지켜봐야""",시행 전,2025-06-11,0.712,https://news.example.com/article/1322,박근혜,시장 안정 대책,6·27
분노,시장 안정 대책 이후 성동구 집값 보합,초기 반응,2024-09-07,0.946,https://news.example.com/article/1323,윤석열,시장 안정 대책,6·27
슬픔,부동산 세제 개편 이후 중구 집값 상승,시행일,2025-04-24,0.922,https://news.example.com/article/1324,윤석열,부동산 세제 개편,6·27
중립,"국토부 ""대출 및 금융 규제 효과 지켜봐야""",시행 전,2025-09-03,0.76,https://news.example.com/article/1325,문재인,대출 및 금융 규제,6·27
공포,주택 공급 대책 이후 서초구 집값 하락,체감 반응,2025-06-02,0.844,https://news.example.com/article/1326,이재명,주택 공급 대책,10·15
슬픔,대출 및 금융 규제 이후 강남구 집값 하락,체감 반응,2024-05-19,0.819,https://news.example.com/article/1327,윤석열,대출 및 금융 규제,8·13
중립,시장 안정 대책 이후 중구 집값 하락,시행일,2025-01-13,0.846,https://news.example.com/article/1328,이재명,시장 안정 대책,9·7
슬픔,"이재명 정부, 시장 안정 대책 발표",초기 반응,2025-07-08,0.933,https://news.example.com/article/1329,이재명,시장 안정 대책,9·7
중립,대출 및 금융 규제 이후 관악구 집값 상승,시행 전,2024-07-26,0.508,https://news.example.com/article/1330,박근혜,대출 및 금융 규제,10·15
중립,"전문가 ""주택 공급 대책, 시장에 미치는 영향은""",초기 반응,2025-09-21,0.814,https://news.example.com/article/1331,박근혜,주택 공급 대책,6·27
공포,대출 및 금융 규제 이후 중랑구 집값 상승,체감 반응,2025-12-23,0.767,https://news.example.com/article/1332,이재명,대출 및 금융 규제,9·7
행복,"국토부 ""부동산 세제 개편 효과 지켜봐야""",시행일,2025-05-07,0.9,https://news.example.com/article/1333,박근혜,부동산 세제 개편,8·13
중립,대출 및 금융 규제 이후 서대문구 집값 하락,초기 반응,2025-08-11,0.514,https://news.example.com/article/1334,박근혜,대출 및 금융 규제,9·7
중립,"전문가 ""주택 공급 대책, 시장에 미치는 영향은""",시행일,2025-07-07,0.941,https://news.example.com/article/1335,이재명,주택 공급 대책,10·15
슬픔,"전문가 ""대출 및 금융 규제, 시장에 미치는 영향은""",체감 반응,2025-04-21,0.741,https://news.example.com/article/1336,이재명,대출 및 금융 규제,6·27
중립,부동산 세제 개편 이후 노원구 집값 하락,시행일,2025-04-07,0.81,https://news.example.com/article/1337,윤석열,부동산 세제 개편,10·15
중립,강북구 주민들 부동산 세제 개편에 엇갈린 반응,시행일,2026-01-11,0.791,https://news.example.com/article/1338,문재인,부동산 세제 개편,9·7
행복,"전문가 ""대출 및 금융 규제, 시장에 미치는 영향은""",초기 반응,2024-06-16,0.882,https://news.example.com/article/1339,박근혜,대출 및 금융 규제,9·7
중립,"윤석열 정부, 시장 안정 대책 발표",시행 전,2024-11-21,0.819,https://news.example.com/article/1340,윤석열,시장 안정 대책,6·27
중립,"국토부 ""주택 공급 대책 효과 지켜봐야""",초기 반응,2025-01-02,0.704,https://news.example.com/article/1341,윤석열,주택 공급 대책,6·27
혐오,"국토부 ""주택 공급 대책 효과 지켜봐야""",체감 반응,2025-01-31,0.662,https://news.example.com/article/1342,이재명,주택 공급 대책,8·13
중립,강동구 주민들 시장 안정 대책에 엇갈린 반응,체감 반응,2026-06-21,0.946,https://news.example.com/article/1343,윤석열,시장 안정 대책,6·27
중립,"국토부 ""시장 안정 대책 효과 지켜봐야""",초기 반응,2026-01-11,0.715,https://news.example.com/article/1344,윤석열,시장 안정 대책,8·13
공포,송파구 주민들 대출 및 금융 규제에 엇갈린 반응,시행 전,2024-06-12,0.677,https://news.example.com/article/1345,이재명,대출 및 금융 규제,6·27
중립,"이재명 정부, 대출 및 금융 규제 발표",초기 반응,2024-07-26,0.696,https://news.example.com/article/1346,이재명,대출 및 금융 규제,8·13
놀람,"박근혜 정부, 시장 안정 대책 발표",시행 전,2025-06-11,0.853,https://news.example.com/article/1347,박근혜,시장 안정 대책,10·15
공포,영등포구 주민들 시장 안정 대책에 엇갈린 반응,체감 반응,2024-08-09,0.896,https://news.example.com/article/1348,이재명,시장 안정 대책,8·13
혐오,"전문가 ""주택 공급 대책, 시장에 미치는 영향은""",체감 반응,2026-07-10,0.767,https://news.example.com/article/1349,이재명,주택 공급 대책,9·7
공포,"박근혜 정부, 시장 안정 대책 발표",시행일,2025-02-05,0.937,https://news.example.com/article/1350,박근혜,시장 안정 대책,9·7
분노,동작구 주민들 대출 및 금융 규제에 엇갈린 반응,초기 반응,2025-02-17,0.98,https://news.example.com/article/1351,윤석열,대출 및 금융 규제,6·27
행복,"국토부 ""대출 및 금융 규제 효과 지켜봐야""",시행 전,2024-12-14,0.97,https://news.example.com/article/1352,이재명,대출 및 금융 규제,6·27
슬픔,"국토부 ""시장 안정 대책 효과 지켜봐야""",시행일,2026-07-08,0.611,https://news.example.com/article/1353,윤석열,시장 안정 대책,9·7
중립,서초구 주민들 대출 및 금융 규제에 엇갈린 반응,시행 전,2025-12-27,0.864,https://news.example.com/article/1354,문재인,대출 및 금융 규제,6·27
중립,"이재명 정부, 부동산 세제 개편 발표",초기 반응,2026-02-03,0.801,https://news.example.com/article/1355,이재명,부동산 세제 개편,8·13
중립,시장 안정 대책 이후 강남구 집값 하락,체감 반응,2025-04-21,0.775,https://news.example.com/article/1356,문재인,시장 안정 대책,6·27
중립,"문재인 정부, 부동산 세제 개편 발표",초기 반응,2025-05-13,0.58,https://news.example.com/article/1357,문재인,부동산 세제 개편,10·15
놀람,"국토부 ""시장 안정 대책 효과 지켜봐야""",체감 반응,2025-04-14,0.678,https://news.example.com/article/1358,문재인,시장 안정 대책,10·15
혐오,부동산 세제 개편 이후 마포구 집값 상승,체감 반응,2024-10-20,0.92,https://news.example.com/article/1359,윤석열,부동산 세제 개편,10·15
중립,"윤석열 정부, 주택 공급 대책 발표",체감 반응,2025-11-01,0.906,https://news.example.com/article/1360,윤석열,주택 공급 대책,8·13
중립,"국토부 ""대출 및 금융 규제 효과 지켜봐야""",초기 반응,2026-01-06,0.798,https://news.example.com/article/1361,이재명,대출 및 금융 규제,9·7
놀람,"전문가 ""부동산 세제 개편, 시장에 미치는 영향은""",시행일,2024-11-24,0.766,https://news.example.com/article/1362,윤석열,부동산 세제 개편,8·13
중립,"박근혜 정부, 시장 안정 대책 발표",체감 반응,2024-05-10,0.696,https://news.example.com/article/1363,박근혜,시장 안정 대책,6·27
놀람,"윤석열 정부, 주택 공급 대책 발표",시행일,2026-06-23,0.63,https://news.example.com/article/1364,윤석열,주택 공급 대책,6·27
중립,부동산 세제 개편 이후 영등포구 집값 하락,시행일,2025-05-17,0.61,https://news.example.com/article/1365,윤석열,부동산 세제 개편,8·13
행복,"문재인 정부, 주택 공급 대책 발표",체감 반응,2024-09-10,0.765,https://news.example.com/article/1366,문재인,주택 공급 대책,9·7
공포,"윤석열 정부, 주택 공급 대책 발표",체감 반응,2026-03-31,0.781,https://news.example.com/article/1367,윤석열,주택 공급 대책,10·15
놀람,관악구 주민들 대출 및 금융 규제에 엇갈린 반응,시행일,2026-06-25,0.719,https://news.example.com/article/1368,이재명,대출 및 금융 규제,8·13
슬픔,"국토부 ""부동산 세제 개편 효과 지켜봐야""",초기 반응,2025-03-15,0.591,https://news.example.com/article/1369,문재인,부동산 세제 개편,6·27
슬픔,대출 및 금융 규제 이후 도봉구 집값 상승,시행 전,2025-12-24,0.696,https://news.example.com/article/1370,박근혜,대출 및 금융 규제,8·13
중립,"국토부 ""주택 공급 대책 효과 지켜봐야""",시행일,2024-10-13,0.62,https://news.example.com/article/1371,문재인,주택 공급 대책,8·13
중립,관악구 주민들 시장 안정 대책에 엇갈린 반응,시행 전,2026-04-01,0.775,https://news.example.com/article/1372,이재명,시장 안정 대책,10·15
분노,대출 및 금융 규제 이후 종로구 집값 하락,시행일,2025-01-17,0.565,https://news.example.com/article/1373,이재명,대출 및 금융 규제,9·7
공포,주택 공급 대책 이후 용산구 집값 하락,시행 전,2025-08-03,0.965,https://news.example.com/article/1374,윤석열,주택 공급 대책,6·27
슬픔,"국토부 ""시장 안정 대책 효과 지켜봐야""",시행일,2025-06-06,0.794,https://news.example.com/article/1375,이재명,시장 안정 대책,6·27
슬픔,"국토부 ""시장 안정 대책 효과 지켜봐야""",시행 전,2024-12-04,0.808,https://news.example.com/article/1376,윤석열,시장 안정 대책,8·13
행복,"윤석열 정부, 주택 공급 대책 발표",초기 반응,2024-06-05,0.536,https://news.example.com/article/1377,윤석열,주택 공급 대책,6·27
놀람,주택 공급 대책 이후 도봉구 집값 하락,시행 전,2025-05-24,0.997,https://news.example.com/article/1378,이재명,주택 공급 대책,8·13
중립,"박근혜 정부, 대출 및 금융 규제 발표",체감 반응,2024-08-21,0.931,https://news.example.com/article/1379,박근혜,대출 및 금융 규제,8·13
슬픔,부동산 세제 개편 이후 광진구 집값 보합,시행 전,2026-05-31,0.805,https://news.example.com/article/1380,이재명,부동산 세제 개편,10·15
슬픔,"문재인 정부, 부동산 세제 개편 발표",시행 전,2025-09-20,0.979,https://news.example.com/article/1381,문재인,부동산 세제 개편,6·27
분노,부동산 세제 개편 이후 중구 집값 상승,체감 반응,2025-03-23,0.855,https://news.example.com/article/1382,이재명,부동산 세제 개편,8·13
중립,"국토부 ""부동산 세제 개편 효과 지켜봐야""",체감 반응,2024-07-12,0.94,https://news.example.com/article/1383,이재명,부동산 세제 개편,9·7
공포,시장 안정 대책 이후 광진구 집값 상승,체감 반응,2025-03-26,0.983,https://news.example.com/article/1384,박근혜,시장 안정 대책,9·7
분노,"국토부 ""대출 및 금융 규제 효과 지켜봐야""",초기 반응,2025-06-04,0.903,https://news.example.com/article/1385,문재인,대출 및 금융 규제,6·27
중립,대출 및 금융 규제 이후 도봉구 집값 하락,시행일,2026-03-15,0.581,https://news.example.com/article/1386,이재명,대출 및 금융 규제,10·15
공포,"전문가 ""대출 및 금융 규제, 시장에 미치는 영향은""",체감 반응,2025-10-06,0.953,https://news.example.com/article/1387,이재명,대출 및 금융 규제,6·27
공포,서초구 주민들 부동산 세제 개편에 엇갈린 반응,시행 전,2025-07-04,0.611,https://news.example.com/article/1388,윤석열,부동산 세제 개편,8·13
중립,영등포구 주민들 시장 안정 대책에 엇갈린 반응,시행 전,2024-08-17,0.835,https://news.example.com/article/1389,이재명,시장 안정 대책,8·13
분노,종로구 주민들 부동산 세제 개편에 엇갈린 반응,시행일,2025-06-22,0.969,https://news.example.com/article/1390,이재명,부동산 세제 개편,9·7
슬픔,중랑구 주민들 주택 공급 대책에 엇갈린 반응,시행 전,2025-02-04,0.877,https://news.example.com/article/1391,문재인,주택 공급 대책,10·15
공포,용산구 주민들 시장 안정 대책에 엇갈린 반응,초기 반응,2024-09-21,0.797,https://news.example.com/article/1392,이재명,시장 안정 대책,8·13
공포,주택 공급 대책 이후 중랑구 집값 하락,체감 반응,2025-04-01,0.698,https://news.example.com/article/1393,이재명,주택 공급 대책,10·15
행복,"윤석열 정부, 부동산 세제 개편 발표",시행일,2026-01-28,0.961,https://news.example.com/article/1394,윤석열,부동산 세제 개편,8·13
혐오,"전문가 ""주택 공급 대책, 시장에 미치는 영향은""",시행일,2025-11-16,0.994,https://news.example.com/article/1395,문재인,주택 공급 대책,10·15
중립,대출 및 금융 규제 이후 영등포구 집값 보합,시행일,2024-06-26,0.655,https://news.example.com/article/1396,박근혜,대출 및 금융 규제,9·7
공포,강북구 주민들 시장 안정 대책에 엇갈린 반응,시행일,2026-06-17,0.84,https://news.example.com/article/1397,윤석열,시장 안정 대책,10·15
분노,"국토부 ""대출 및 금융 규제 효과 지켜봐야""",시행 전,2024-09-24,0.755,https://news.example.com/article/1398,문재인,대출 및 금융 규제,6·27
공포,"국토부 ""시장 안정 대책 효과 지켜봐야""",시행 전,2024-08-31,0.623,https://news.example.com/article/1399,박근혜,시장 안정 대책,6·27
